C:\Users\Amrita.DESKTOP-MJJ9189\Desktop\SDC\Faults\IMG\center_2018_07_01_09_24_20_638.jpg,C:\Users\Amrita.DESKTOP-MJJ9189\Desktop\SDC\Faults\IMG\left_2018_07_01_09_24_20_638.jpg,C:\Users\Amrita.DESKTOP-MJJ9189\Desktop\SDC\Faults\IMG\right_2018_07_01_09_24_20_638.jpg,0,0,0,17.481
C:\Users\Amrita.DESKTOP-MJJ9189\Desktop\SDC\Faults\IMG\center_2018_07_01_09_24_20_709.jpg,C:\Users\Amrita.DESKTOP-MJJ9189\Desktop\SDC\Faults\IMG\left_2018_07_01_09_24_20_709.jpg,C:\Users\Amrita.DESKTOP-MJJ9189\Desktop\SDC\Faults\IMG\right_2018_07_01_09_24_20_709.jpg,0,0,0,16.84139
C:\Users\Amrita.DESKTOP-MJJ9189\Desktop\SDC\Faults\IMG\center_2018_07_01_09_24_20_781.jpg,C:\Users\Amrita.DESKTOP-MJJ9189\Desktop\SDC\Faults\IMG\left_2018_07_01_09_24_20_781.jpg,C:\Users\Amrita.DESKTOP-MJJ9189\Desktop\SDC\Faults\IMG\right_2018_07_01_09_24_20_781.jpg,0,0,0,16.70128
C:\Users\Amrita.DESKTOP-MJJ9189\Desktop\SDC\Faults\IMG\center_2018_07_01_09_24_20_848.jpg,C:\Users\Amrita.DESKTOP-MJJ9189\Desktop\SDC\Faults\IMG\left_2018_07_01_09_24_20_848.jpg,C:\Users\Amrita.DESKTOP-MJJ9189\Desktop\SDC\Faults\IMG\right_2018_07_01_09_24_20_848.jpg,0,0,0,17.13796
C:\Users\Amrita.DESKTOP-MJJ9189\Desktop\SDC\Faults\IMG\center_2018_07_01_09_24_20_919.jpg,C:\Users\Amrita.DESKTOP-MJJ9189\Desktop\SDC\Faults\IMG\left_2018_07_01_09_24_20_919.jpg,C:\Users\Amrita.DESKTOP-MJJ9189\Desktop\SDC\Faults\IMG\right_2018_07_01_09_24_20_919.jpg,0,0,0,17.00278
C:\Users\Amrita.DESKTOP-MJJ9189\Desktop\SDC\Faults\IMG\center_2018_07_01_09_24_20_991.jpg,C:\Users\Amrita.DESKTOP-MJJ9189\Desktop\SDC\Faults\IMG\left_2018_07_01_09_24_20_991.jpg,C:\Users\Amrita.DESKTOP-MJJ9189\Desktop\SDC\Faults\IMG\right_2018_07_01_09_24_20_991.jpg,0,0,0,16.35721
C:\Users\Amrita.DESKTOP-MJJ9189\Desktop\SDC\Faults\IMG\center_2018_07_01_09_24_21_067.jpg,C:\Users\Amrita.DESKTOP-MJJ9189\Desktop\SDC\Faults\IMG\left_2018_07_01_09_24_21_067.jpg,C:\Users\Amrita.DESKTOP-MJJ9189\Desktop\SDC\Faults\IMG\right_2018_07_01_09_24_21_067.jpg,0,0,0,16.22233
C:\Users\Amrita.DESKTOP-MJJ9189\Desktop\SDC\Faults\IMG\center_2018_07_01_09_24_21_135.jpg,C:\Users\Amrita.DESKTOP-MJJ9189\Desktop\SDC\Faults\IMG\left_2018_07_01_09_24_21_135.jpg,C:\Users\Amrita.DESKTOP-MJJ9189\Desktop\SDC\Faults\IMG\right_2018_07_01_09_24_21_135.jpg,0,0,0,16.0893
C:\Users\Amrita.DESKTOP-MJJ9189\Desktop\SDC\Faults\IMG\center_2018_07_01_09_24_21_202.jpg,C:\Users\Amrita.DESKTOP-MJJ9189\Desktop\SDC\Faults\IMG\left_2018_07_01_09_24_21_202.jpg,C:\Users\Amrita.DESKTOP-MJJ9189\Desktop\SDC\Faults\IMG\right_2018_07_01_09_24_21_202.jpg,0,0,0,16.54035
C:\Users\Amrita.DESKTOP-MJJ9189\Desktop\SDC\Faults\IMG\center_2018_07_01_09_24_21_276.jpg,C:\Users\Amrita.DESKTOP-MJJ9189\Desktop\SDC\Faults\IMG\left_2018_07_01_09_24_21_276.jpg,C:\Users\Amrita.DESKTOP-MJJ9189\Desktop\SDC\Faults\IMG\right_2018_07_01_09_24_21_276.jpg,0,0.07563464,0,16.41304
C:\Users\Amrita.DESKTOP-MJJ9189\Desktop\SDC\Faults\IMG\center_2018_07_01_09_24_21_349.jpg,C:\Users\Amrita.DESKTOP-MJJ9189\Desktop\SDC\Faults\IMG\left_2018_07_01_09_24_21_349.jpg,C:\Users\Amrita.DESKTOP-MJJ9189\Desktop\SDC\Faults\IMG\right_2018_07_01_09_24_21_349.jpg,0,0.2460738,0,15.89736
C:\Users\Amrita.DESKTOP-MJJ9189\Desktop\SDC\Faults\IMG\center_2018_07_01_09_24_21_419.jpg,C:\Users\Amrita.DESKTOP-MJJ9189\Desktop\SDC\Faults\IMG\left_2018_07_01_09_24_21_419.jpg,C:\Users\Amrita.DESKTOP-MJJ9189\Desktop\SDC\Faults\IMG\right_2018_07_01_09_24_21_419.jpg,0,0.504265,0,16.17323
C:\Users\Amrita.DESKTOP-MJJ9189\Desktop\SDC\Faults\IMG\center_2018_07_01_09_24_21_488.jpg,C:\Users\Amrita.DESKTOP-MJJ9189\Desktop\SDC\Faults\IMG\left_2018_07_01_09_24_21_488.jpg,C:\Users\Amrita.DESKTOP-MJJ9189\Desktop\SDC\Faults\IMG\right_2018_07_01_09_24_21_488.jpg,0,0.683121,0,16.92422
C:\Users\Amrita.DESKTOP-MJJ9189\Desktop\SDC\Faults\IMG\center_2018_07_01_09_24_21_557.jpg,C:\Users\Amrita.DESKTOP-MJJ9189\Desktop\SDC\Faults\IMG\left_2018_07_01_09_24_21_557.jpg,C:\Users\Amrita.DESKTOP-MJJ9189\Desktop\SDC\Faults\IMG\right_2018_07_01_09_24_21_557.jpg,0,0.8089216,0,17.52913
C:\Users\Amrita.DESKTOP-MJJ9189\Desktop\SDC\Faults\IMG\center_2018_07_01_09_24_21_628.jpg,C:\Users\Amrita.DESKTOP-MJJ9189\Desktop\SDC\Faults\IMG\left_2018_07_01_09_24_21_628.jpg,C:\Users\Amrita.DESKTOP-MJJ9189\Desktop\SDC\Faults\IMG\right_2018_07_01_09_24_21_628.jpg,0,0.6180958,0,17.6675
C:\Users\Amrita.DESKTOP-MJJ9189\Desktop\SDC\Faults\IMG\center_2018_07_01_09_24_21_696.jpg,C:\Users\Amrita.DESKTOP-MJJ9189\Desktop\SDC\Faults\IMG\left_2018_07_01_09_24_21_696.jpg,C:\Users\Amrita.DESKTOP-MJJ9189\Desktop\SDC\Faults\IMG\right_2018_07_01_09_24_21_696.jpg,0,0.3938242,0,17.98422
C:\Users\Amrita.DESKTOP-MJJ9189\Desktop\SDC\Faults\IMG\center_2018_07_01_09_24_21_768.jpg,C:\Users\Amrita.DESKTOP-MJJ9189\Desktop\SDC\Faults\IMG\left_2018_07_01_09_24_21_768.jpg,C:\Users\Amrita.DESKTOP-MJJ9189\Desktop\SDC\Faults\IMG\right_2018_07_01_09_24_21_768.jpg,0,0.2218696,0,18.44604
C:\Users\Amrita.DESKTOP-MJJ9189\Desktop\SDC\Faults\IMG\center_2018_07_01_09_24_21_837.jpg,C:\Users\Amrita.DESKTOP-MJJ9189\Desktop\SDC\Faults\IMG\left_2018_07_01_09_24_21_837.jpg,C:\Users\Amrita.DESKTOP-MJJ9189\Desktop\SDC\Faults\IMG\right_2018_07_01_09_24_21_837.jpg,0,0.380321,0,18.54786
C:\Users\Amrita.DESKTOP-MJJ9189\Desktop\SDC\Faults\IMG\center_2018_07_01_09_24_21_904.jpg,C:\Users\Amrita.DESKTOP-MJJ9189\Desktop\SDC\Faults\IMG\left_2018_07_01_09_24_21_904.jpg,C:\Users\Amrita.DESKTOP-MJJ9189\Desktop\SDC\Faults\IMG\right_2018_07_01_09_24_21_904.jpg,0,0.5586565,0,18.44601
C:\Users\Amrita.DESKTOP-MJJ9189\Desktop\SDC\Faults\IMG\center_2018_07_01_09_24_21_971.jpg,C:\Users\Amrita.DESKTOP-MJJ9189\Desktop\SDC\Faults\IMG\left_2018_07_01_09_24_21_971.jpg,C:\Users\Amrita.DESKTOP-MJJ9189\Desktop\SDC\Faults\IMG\right_2018_07_01_09_24_21_971.jpg,0,0.7428687,0,19.10381
C:\Users\Amrita.DESKTOP-MJJ9189\Desktop\SDC\Faults\IMG\center_2018_07_01_09_24_22_044.jpg,C:\Users\Amrita.DESKTOP-MJJ9189\Desktop\SDC\Faults\IMG\left_2018_07_01_09_24_22_044.jpg,C:\Users\Amrita.DESKTOP-MJJ9189\Desktop\SDC\Faults\IMG\right_2018_07_01_09_24_22_044.jpg,0,0.9834715,0,19.75155
C:\Users\Amrita.DESKTOP-MJJ9189\Desktop\SDC\Faults\IMG\center_2018_07_01_09_24_22_118.jpg,C:\Users\Amrita.DESKTOP-MJJ9189\Desktop\SDC\Faults\IMG\left_2018_07_01_09_24_22_118.jpg,C:\Users\Amrita.DESKTOP-MJJ9189\Desktop\SDC\Faults\IMG\right_2018_07_01_09_24_22_118.jpg,0.02830189,1,0,20.53909
C:\Users\Amrita.DESKTOP-MJJ9189\Desktop\SDC\Faults\IMG\center_2018_07_01_09_24_22_189.jpg,C:\Users\Amrita.DESKTOP-MJJ9189\Desktop\SDC\Faults\IMG\left_2018_07_01_09_24_22_189.jpg,C:\Users\Amrita.DESKTOP-MJJ9189\Desktop\SDC\Faults\IMG\right_2018_07_01_09_24_22_189.jpg,0.02830189,1,0,21.05318
C:\Users\Amrita.DESKTOP-MJJ9189\Desktop\SDC\Faults\IMG\center_2018_07_01_09_24_22_262.jpg,C:\Users\Amrita.DESKTOP-MJJ9189\Desktop\SDC\Faults\IMG\left_2018_07_01_09_24_22_262.jpg,C:\Users\Amrita.DESKTOP-MJJ9189\Desktop\SDC\Faults\IMG\right_2018_07_01_09_24_22_262.jpg,0,1,0,21.86654
C:\Users\Amrita.DESKTOP-MJJ9189\Desktop\SDC\Faults\IMG\center_2018_07_01_09_24_22_336.jpg,C:\Users\Amrita.DESKTOP-MJJ9189\Desktop\SDC\Faults\IMG\left_2018_07_01_09_24_22_336.jpg,C:\Users\Amrita.DESKTOP-MJJ9189\Desktop\SDC\Faults\IMG\right_2018_07_01_09_24_22_336.jpg,0,1,0,22.66989
C:\Users\Amrita.DESKTOP-MJJ9189\Desktop\SDC\Faults\IMG\center_2018_07_01_09_24_22_406.jpg,C:\Users\Amrita.DESKTOP-MJJ9189\Desktop\SDC\Faults\IMG\left_2018_07_01_09_24_22_406.jpg,C:\Users\Amrita.DESKTOP-MJJ9189\Desktop\SDC\Faults\IMG\right_2018_07_01_09_24_22_406.jpg,0,1,0,23.27957
C:\Users\Amrita.DESKTOP-MJJ9189\Desktop\SDC\Faults\IMG\center_2018_07_01_09_24_22_474.jpg,C:\Users\Amrita.DESKTOP-MJJ9189\Desktop\SDC\Faults\IMG\left_2018_07_01_09_24_22_474.jpg,C:\Users\Amrita.DESKTOP-MJJ9189\Desktop\SDC\Faults\IMG\right_2018_07_01_09_24_22_474.jpg,0,1,0,24.05522
C:\Users\Amrita.DESKTOP-MJJ9189\Desktop\SDC\Faults\IMG\center_2018_07_01_09_24_22_544.jpg,C:\Users\Amrita.DESKTOP-MJJ9189\Desktop\SDC\Faults\IMG\left_2018_07_01_09_24_22_544.jpg,C:\Users\Amrita.DESKTOP-MJJ9189\Desktop\SDC\Faults\IMG\right_2018_07_01_09_24_22_544.jpg,0.02830189,1,0,24.63263
C:\Users\Amrita.DESKTOP-MJJ9189\Desktop\SDC\Faults\IMG\center_2018_07_01_09_24_22_617.jpg,C:\Users\Amrita.DESKTOP-MJJ9189\Desktop\SDC\Faults\IMG\left_2018_07_01_09_24_22_617.jpg,C:\Users\Amrita.DESKTOP-MJJ9189\Desktop\SDC\Faults\IMG\right_2018_07_01_09_24_22_617.jpg,0.09433963,1,0,25.39853
C:\Users\Amrita.DESKTOP-MJJ9189\Desktop\SDC\Faults\IMG\center_2018_07_01_09_24_22_689.jpg,C:\Users\Amrita.DESKTOP-MJJ9189\Desktop\SDC\Faults\IMG\left_2018_07_01_09_24_22_689.jpg,C:\Users\Amrita.DESKTOP-MJJ9189\Desktop\SDC\Faults\IMG\right_2018_07_01_09_24_22_689.jpg,0.1415094,1,0,25.96331
C:\Users\Amrita.DESKTOP-MJJ9189\Desktop\SDC\Faults\IMG\center_2018_07_01_09_24_22_758.jpg,C:\Users\Amrita.DESKTOP-MJJ9189\Desktop\SDC\Faults\IMG\left_2018_07_01_09_24_22_758.jpg,C:\Users\Amrita.DESKTOP-MJJ9189\Desktop\SDC\Faults\IMG\right_2018_07_01_09_24_22_758.jpg,0.1698113,1,0,26.70718
C:\Users\Amrita.DESKTOP-MJJ9189\Desktop\SDC\Faults\IMG\center_2018_07_01_09_24_22_827.jpg,C:\Users\Amrita.DESKTOP-MJJ9189\Desktop\SDC\Faults\IMG\left_2018_07_01_09_24_22_827.jpg,C:\Users\Amrita.DESKTOP-MJJ9189\Desktop\SDC\Faults\IMG\right_2018_07_01_09_24_22_827.jpg,0.1698113,1,0,27.26527
C:\Users\Amrita.DESKTOP-MJJ9189\Desktop\SDC\Faults\IMG\center_2018_07_01_09_24_22_900.jpg,C:\Users\Amrita.DESKTOP-MJJ9189\Desktop\SDC\Faults\IMG\left_2018_07_01_09_24_22_900.jpg,C:\Users\Amrita.DESKTOP-MJJ9189\Desktop\SDC\Faults\IMG\right_2018_07_01_09_24_22_900.jpg,0,1,0,28.00751
C:\Users\Amrita.DESKTOP-MJJ9189\Desktop\SDC\Faults\IMG\center_2018_07_01_09_24_22_970.jpg,C:\Users\Amrita.DESKTOP-MJJ9189\Desktop\SDC\Faults\IMG\left_2018_07_01_09_24_22_970.jpg,C:\Users\Amrita.DESKTOP-MJJ9189\Desktop\SDC\Faults\IMG\right_2018_07_01_09_24_22_970.jpg,0,1,0,28.56294
C:\Users\Amrita.DESKTOP-MJJ9189\Desktop\SDC\Faults\IMG\center_2018_07_01_09_24_23_040.jpg,C:\Users\Amrita.DESKTOP-MJJ9189\Desktop\SDC\Faults\IMG\left_2018_07_01_09_24_23_040.jpg,C:\Users\Amrita.DESKTOP-MJJ9189\Desktop\SDC\Faults\IMG\right_2018_07_01_09_24_23_040.jpg,0,1,0,29.29989
C:\Users\Amrita.DESKTOP-MJJ9189\Desktop\SDC\Faults\IMG\center_2018_07_01_09_24_23_111.jpg,C:\Users\Amrita.DESKTOP-MJJ9189\Desktop\SDC\Faults\IMG\left_2018_07_01_09_24_23_111.jpg,C:\Users\Amrita.DESKTOP-MJJ9189\Desktop\SDC\Faults\IMG\right_2018_07_01_09_24_23_111.jpg,0,1,0,29.84903
C:\Users\Amrita.DESKTOP-MJJ9189\Desktop\SDC\Faults\IMG\center_2018_07_01_09_24_23_178.jpg,C:\Users\Amrita.DESKTOP-MJJ9189\Desktop\SDC\Faults\IMG\left_2018_07_01_09_24_23_178.jpg,C:\Users\Amrita.DESKTOP-MJJ9189\Desktop\SDC\Faults\IMG\right_2018_07_01_09_24_23_178.jpg,0.01886792,1,0,30.18995
C:\Users\Amrita.DESKTOP-MJJ9189\Desktop\SDC\Faults\IMG\center_2018_07_01_09_24_23_252.jpg,C:\Users\Amrita.DESKTOP-MJJ9189\Desktop\SDC\Faults\IMG\left_2018_07_01_09_24_23_252.jpg,C:\Users\Amrita.DESKTOP-MJJ9189\Desktop\SDC\Faults\IMG\right_2018_07_01_09_24_23_252.jpg,0.1037736,1,0,30.18788
C:\Users\Amrita.DESKTOP-MJJ9189\Desktop\SDC\Faults\IMG\center_2018_07_01_09_24_23_325.jpg,C:\Users\Amrita.DESKTOP-MJJ9189\Desktop\SDC\Faults\IMG\left_2018_07_01_09_24_23_325.jpg,C:\Users\Amrita.DESKTOP-MJJ9189\Desktop\SDC\Faults\IMG\right_2018_07_01_09_24_23_325.jpg,0.2169811,1,0,30.18068
C:\Users\Amrita.DESKTOP-MJJ9189\Desktop\SDC\Faults\IMG\center_2018_07_01_09_24_23_399.jpg,C:\Users\Amrita.DESKTOP-MJJ9189\Desktop\SDC\Faults\IMG\left_2018_07_01_09_24_23_399.jpg,C:\Users\Amrita.DESKTOP-MJJ9189\Desktop\SDC\Faults\IMG\right_2018_07_01_09_24_23_399.jpg,0.2264151,1,0,30.18446
C:\Users\Amrita.DESKTOP-MJJ9189\Desktop\SDC\Faults\IMG\center_2018_07_01_09_24_23_471.jpg,C:\Users\Amrita.DESKTOP-MJJ9189\Desktop\SDC\Faults\IMG\left_2018_07_01_09_24_23_471.jpg,C:\Users\Amrita.DESKTOP-MJJ9189\Desktop\SDC\Faults\IMG\right_2018_07_01_09_24_23_471.jpg,0.2264151,1,0,30.18633
C:\Users\Amrita.DESKTOP-MJJ9189\Desktop\SDC\Faults\IMG\center_2018_07_01_09_24_23_539.jpg,C:\Users\Amrita.DESKTOP-MJJ9189\Desktop\SDC\Faults\IMG\left_2018_07_01_09_24_23_539.jpg,C:\Users\Amrita.DESKTOP-MJJ9189\Desktop\SDC\Faults\IMG\right_2018_07_01_09_24_23_539.jpg,0.2264151,1,0,30.18775
C:\Users\Amrita.DESKTOP-MJJ9189\Desktop\SDC\Faults\IMG\center_2018_07_01_09_24_23_613.jpg,C:\Users\Amrita.DESKTOP-MJJ9189\Desktop\SDC\Faults\IMG\left_2018_07_01_09_24_23_613.jpg,C:\Users\Amrita.DESKTOP-MJJ9189\Desktop\SDC\Faults\IMG\right_2018_07_01_09_24_23_613.jpg,0.245283,1,0,30.18715
C:\Users\Amrita.DESKTOP-MJJ9189\Desktop\SDC\Faults\IMG\center_2018_07_01_09_24_23_680.jpg,C:\Users\Amrita.DESKTOP-MJJ9189\Desktop\SDC\Faults\IMG\left_2018_07_01_09_24_23_680.jpg,C:\Users\Amrita.DESKTOP-MJJ9189\Desktop\SDC\Faults\IMG\right_2018_07_01_09_24_23_680.jpg,0.245283,1,0,30.18792
C:\Users\Amrita.DESKTOP-MJJ9189\Desktop\SDC\Faults\IMG\center_2018_07_01_09_24_23_750.jpg,C:\Users\Amrita.DESKTOP-MJJ9189\Desktop\SDC\Faults\IMG\left_2018_07_01_09_24_23_750.jpg,C:\Users\Amrita.DESKTOP-MJJ9189\Desktop\SDC\Faults\IMG\right_2018_07_01_09_24_23_750.jpg,0,1,0,30.18846
C:\Users\Amrita.DESKTOP-MJJ9189\Desktop\SDC\Faults\IMG\center_2018_07_01_09_24_23_821.jpg,C:\Users\Amrita.DESKTOP-MJJ9189\Desktop\SDC\Faults\IMG\left_2018_07_01_09_24_23_821.jpg,C:\Users\Amrita.DESKTOP-MJJ9189\Desktop\SDC\Faults\IMG\right_2018_07_01_09_24_23_821.jpg,0,1,0,30.1899
C:\Users\Amrita.DESKTOP-MJJ9189\Desktop\SDC\Faults\IMG\center_2018_07_01_09_24_23_895.jpg,C:\Users\Amrita.DESKTOP-MJJ9189\Desktop\SDC\Faults\IMG\left_2018_07_01_09_24_23_895.jpg,C:\Users\Amrita.DESKTOP-MJJ9189\Desktop\SDC\Faults\IMG\right_2018_07_01_09_24_23_895.jpg,0,1,0,30.19023
C:\Users\Amrita.DESKTOP-MJJ9189\Desktop\SDC\Faults\IMG\center_2018_07_01_09_24_23_963.jpg,C:\Users\Amrita.DESKTOP-MJJ9189\Desktop\SDC\Faults\IMG\left_2018_07_01_09_24_23_963.jpg,C:\Users\Amrita.DESKTOP-MJJ9189\Desktop\SDC\Faults\IMG\right_2018_07_01_09_24_23_963.jpg,0,1,0,30.19031
C:\Users\Amrita.DESKTOP-MJJ9189\Desktop\SDC\Faults\IMG\center_2018_07_01_09_24_24_032.jpg,C:\Users\Amrita.DESKTOP-MJJ9189\Desktop\SDC\Faults\IMG\left_2018_07_01_09_24_24_032.jpg,C:\Users\Amrita.DESKTOP-MJJ9189\Desktop\SDC\Faults\IMG\right_2018_07_01_09_24_24_032.jpg,0.009433962,1,0,30.19011
C:\Users\Amrita.DESKTOP-MJJ9189\Desktop\SDC\Faults\IMG\center_2018_07_01_09_24_24_100.jpg,C:\Users\Amrita.DESKTOP-MJJ9189\Desktop\SDC\Faults\IMG\left_2018_07_01_09_24_24_100.jpg,C:\Users\Amrita.DESKTOP-MJJ9189\Desktop\SDC\Faults\IMG\right_2018_07_01_09_24_24_100.jpg,0.1037736,1,0,30.18789
C:\Users\Amrita.DESKTOP-MJJ9189\Desktop\SDC\Faults\IMG\center_2018_07_01_09_24_24_168.jpg,C:\Users\Amrita.DESKTOP-MJJ9189\Desktop\SDC\Faults\IMG\left_2018_07_01_09_24_24_168.jpg,C:\Users\Amrita.DESKTOP-MJJ9189\Desktop\SDC\Faults\IMG\right_2018_07_01_09_24_24_168.jpg,0.1320755,1,0,30.18711
C:\Users\Amrita.DESKTOP-MJJ9189\Desktop\SDC\Faults\IMG\center_2018_07_01_09_24_24_237.jpg,C:\Users\Amrita.DESKTOP-MJJ9189\Desktop\SDC\Faults\IMG\left_2018_07_01_09_24_24_237.jpg,C:\Users\Amrita.DESKTOP-MJJ9189\Desktop\SDC\Faults\IMG\right_2018_07_01_09_24_24_237.jpg,0.1603774,1,0,30.18716
C:\Users\Amrita.DESKTOP-MJJ9189\Desktop\SDC\Faults\IMG\center_2018_07_01_09_24_24_308.jpg,C:\Users\Amrita.DESKTOP-MJJ9189\Desktop\SDC\Faults\IMG\left_2018_07_01_09_24_24_308.jpg,C:\Users\Amrita.DESKTOP-MJJ9189\Desktop\SDC\Faults\IMG\right_2018_07_01_09_24_24_308.jpg,0.1603774,1,0,30.18807
C:\Users\Amrita.DESKTOP-MJJ9189\Desktop\SDC\Faults\IMG\center_2018_07_01_09_24_24_383.jpg,C:\Users\Amrita.DESKTOP-MJJ9189\Desktop\SDC\Faults\IMG\left_2018_07_01_09_24_24_383.jpg,C:\Users\Amrita.DESKTOP-MJJ9189\Desktop\SDC\Faults\IMG\right_2018_07_01_09_24_24_383.jpg,0.1792453,1,0,30.18785
C:\Users\Amrita.DESKTOP-MJJ9189\Desktop\SDC\Faults\IMG\center_2018_07_01_09_24_24_451.jpg,C:\Users\Amrita.DESKTOP-MJJ9189\Desktop\SDC\Faults\IMG\left_2018_07_01_09_24_24_451.jpg,C:\Users\Amrita.DESKTOP-MJJ9189\Desktop\SDC\Faults\IMG\right_2018_07_01_09_24_24_451.jpg,0.1886793,1,0,30.18887
C:\Users\Amrita.DESKTOP-MJJ9189\Desktop\SDC\Faults\IMG\center_2018_07_01_09_24_24_519.jpg,C:\Users\Amrita.DESKTOP-MJJ9189\Desktop\SDC\Faults\IMG\left_2018_07_01_09_24_24_519.jpg,C:\Users\Amrita.DESKTOP-MJJ9189\Desktop\SDC\Faults\IMG\right_2018_07_01_09_24_24_519.jpg,0.1981132,1,0,30.18805
C:\Users\Amrita.DESKTOP-MJJ9189\Desktop\SDC\Faults\IMG\center_2018_07_01_09_24_24_590.jpg,C:\Users\Amrita.DESKTOP-MJJ9189\Desktop\SDC\Faults\IMG\left_2018_07_01_09_24_24_590.jpg,C:\Users\Amrita.DESKTOP-MJJ9189\Desktop\SDC\Faults\IMG\right_2018_07_01_09_24_24_590.jpg,0.1981132,1,0,30.1886
C:\Users\Amrita.DESKTOP-MJJ9189\Desktop\SDC\Faults\IMG\center_2018_07_01_09_24_24_660.jpg,C:\Users\Amrita.DESKTOP-MJJ9189\Desktop\SDC\Faults\IMG\left_2018_07_01_09_24_24_660.jpg,C:\Users\Amrita.DESKTOP-MJJ9189\Desktop\SDC\Faults\IMG\right_2018_07_01_09_24_24_660.jpg,0.2264151,1,0,30.18808
C:\Users\Amrita.DESKTOP-MJJ9189\Desktop\SDC\Faults\IMG\center_2018_07_01_09_24_24_729.jpg,C:\Users\Amrita.DESKTOP-MJJ9189\Desktop\SDC\Faults\IMG\left_2018_07_01_09_24_24_729.jpg,C:\Users\Amrita.DESKTOP-MJJ9189\Desktop\SDC\Faults\IMG\right_2018_07_01_09_24_24_729.jpg,0.2358491,1,0,30.18727
C:\Users\Amrita.DESKTOP-MJJ9189\Desktop\SDC\Faults\IMG\center_2018_07_01_09_24_24_800.jpg,C:\Users\Amrita.DESKTOP-MJJ9189\Desktop\SDC\Faults\IMG\left_2018_07_01_09_24_24_800.jpg,C:\Users\Amrita.DESKTOP-MJJ9189\Desktop\SDC\Faults\IMG\right_2018_07_01_09_24_24_800.jpg,0.2830189,1,0,30.1851
C:\Users\Amrita.DESKTOP-MJJ9189\Desktop\SDC\Faults\IMG\center_2018_07_01_09_24_24_872.jpg,C:\Users\Amrita.DESKTOP-MJJ9189\Desktop\SDC\Faults\IMG\left_2018_07_01_09_24_24_872.jpg,C:\Users\Amrita.DESKTOP-MJJ9189\Desktop\SDC\Faults\IMG\right_2018_07_01_09_24_24_872.jpg,0.3018868,1,0,30.18429
C:\Users\Amrita.DESKTOP-MJJ9189\Desktop\SDC\Faults\IMG\center_2018_07_01_09_24_24_944.jpg,C:\Users\Amrita.DESKTOP-MJJ9189\Desktop\SDC\Faults\IMG\left_2018_07_01_09_24_24_944.jpg,C:\Users\Amrita.DESKTOP-MJJ9189\Desktop\SDC\Faults\IMG\right_2018_07_01_09_24_24_944.jpg,0.3113208,1,0,30.18597
C:\Users\Amrita.DESKTOP-MJJ9189\Desktop\SDC\Faults\IMG\center_2018_07_01_09_24_25_012.jpg,C:\Users\Amrita.DESKTOP-MJJ9189\Desktop\SDC\Faults\IMG\left_2018_07_01_09_24_25_012.jpg,C:\Users\Amrita.DESKTOP-MJJ9189\Desktop\SDC\Faults\IMG\right_2018_07_01_09_24_25_012.jpg,0.3301887,1,0,30.18205
C:\Users\Amrita.DESKTOP-MJJ9189\Desktop\SDC\Faults\IMG\center_2018_07_01_09_24_25_081.jpg,C:\Users\Amrita.DESKTOP-MJJ9189\Desktop\SDC\Faults\IMG\left_2018_07_01_09_24_25_081.jpg,C:\Users\Amrita.DESKTOP-MJJ9189\Desktop\SDC\Faults\IMG\right_2018_07_01_09_24_25_081.jpg,0.3301887,1,0,30.1869
C:\Users\Amrita.DESKTOP-MJJ9189\Desktop\SDC\Faults\IMG\center_2018_07_01_09_24_25_151.jpg,C:\Users\Amrita.DESKTOP-MJJ9189\Desktop\SDC\Faults\IMG\left_2018_07_01_09_24_25_151.jpg,C:\Users\Amrita.DESKTOP-MJJ9189\Desktop\SDC\Faults\IMG\right_2018_07_01_09_24_25_151.jpg,0.3301887,1,0,30.1861
C:\Users\Amrita.DESKTOP-MJJ9189\Desktop\SDC\Faults\IMG\center_2018_07_01_09_24_25_226.jpg,C:\Users\Amrita.DESKTOP-MJJ9189\Desktop\SDC\Faults\IMG\left_2018_07_01_09_24_25_226.jpg,C:\Users\Amrita.DESKTOP-MJJ9189\Desktop\SDC\Faults\IMG\right_2018_07_01_09_24_25_226.jpg,0.3301887,1,0,30.18521
C:\Users\Amrita.DESKTOP-MJJ9189\Desktop\SDC\Faults\IMG\center_2018_07_01_09_24_25_301.jpg,C:\Users\Amrita.DESKTOP-MJJ9189\Desktop\SDC\Faults\IMG\left_2018_07_01_09_24_25_301.jpg,C:\Users\Amrita.DESKTOP-MJJ9189\Desktop\SDC\Faults\IMG\right_2018_07_01_09_24_25_301.jpg,0.3396226,1,0,30.18771
C:\Users\Amrita.DESKTOP-MJJ9189\Desktop\SDC\Faults\IMG\center_2018_07_01_09_24_25_373.jpg,C:\Users\Amrita.DESKTOP-MJJ9189\Desktop\SDC\Faults\IMG\left_2018_07_01_09_24_25_373.jpg,C:\Users\Amrita.DESKTOP-MJJ9189\Desktop\SDC\Faults\IMG\right_2018_07_01_09_24_25_373.jpg,0.3396226,1,0,30.18672
C:\Users\Amrita.DESKTOP-MJJ9189\Desktop\SDC\Faults\IMG\center_2018_07_01_09_24_25_444.jpg,C:\Users\Amrita.DESKTOP-MJJ9189\Desktop\SDC\Faults\IMG\left_2018_07_01_09_24_25_444.jpg,C:\Users\Amrita.DESKTOP-MJJ9189\Desktop\SDC\Faults\IMG\right_2018_07_01_09_24_25_444.jpg,0.3396226,1,0,30.18506
C:\Users\Amrita.DESKTOP-MJJ9189\Desktop\SDC\Faults\IMG\center_2018_07_01_09_24_25_520.jpg,C:\Users\Amrita.DESKTOP-MJJ9189\Desktop\SDC\Faults\IMG\left_2018_07_01_09_24_25_520.jpg,C:\Users\Amrita.DESKTOP-MJJ9189\Desktop\SDC\Faults\IMG\right_2018_07_01_09_24_25_520.jpg,0.3396226,1,0,30.1879
C:\Users\Amrita.DESKTOP-MJJ9189\Desktop\SDC\Faults\IMG\center_2018_07_01_09_24_25_595.jpg,C:\Users\Amrita.DESKTOP-MJJ9189\Desktop\SDC\Faults\IMG\left_2018_07_01_09_24_25_595.jpg,C:\Users\Amrita.DESKTOP-MJJ9189\Desktop\SDC\Faults\IMG\right_2018_07_01_09_24_25_595.jpg,0.3396226,1,0,30.1871
C:\Users\Amrita.DESKTOP-MJJ9189\Desktop\SDC\Faults\IMG\center_2018_07_01_09_24_25_664.jpg,C:\Users\Amrita.DESKTOP-MJJ9189\Desktop\SDC\Faults\IMG\left_2018_07_01_09_24_25_664.jpg,C:\Users\Amrita.DESKTOP-MJJ9189\Desktop\SDC\Faults\IMG\right_2018_07_01_09_24_25_664.jpg,0.3396226,1,0,30.18839
C:\Users\Amrita.DESKTOP-MJJ9189\Desktop\SDC\Faults\IMG\center_2018_07_01_09_24_25_732.jpg,C:\Users\Amrita.DESKTOP-MJJ9189\Desktop\SDC\Faults\IMG\left_2018_07_01_09_24_25_732.jpg,C:\Users\Amrita.DESKTOP-MJJ9189\Desktop\SDC\Faults\IMG\right_2018_07_01_09_24_25_732.jpg,0.3396226,1,0,30.18764
C:\Users\Amrita.DESKTOP-MJJ9189\Desktop\SDC\Faults\IMG\center_2018_07_01_09_24_25_801.jpg,C:\Users\Amrita.DESKTOP-MJJ9189\Desktop\SDC\Faults\IMG\left_2018_07_01_09_24_25_801.jpg,C:\Users\Amrita.DESKTOP-MJJ9189\Desktop\SDC\Faults\IMG\right_2018_07_01_09_24_25_801.jpg,0,1,0,30.18681
C:\Users\Amrita.DESKTOP-MJJ9189\Desktop\SDC\Faults\IMG\center_2018_07_01_09_24_25_870.jpg,C:\Users\Amrita.DESKTOP-MJJ9189\Desktop\SDC\Faults\IMG\left_2018_07_01_09_24_25_870.jpg,C:\Users\Amrita.DESKTOP-MJJ9189\Desktop\SDC\Faults\IMG\right_2018_07_01_09_24_25_870.jpg,0,1,0,30.18753
C:\Users\Amrita.DESKTOP-MJJ9189\Desktop\SDC\Faults\IMG\center_2018_07_01_09_24_25_937.jpg,C:\Users\Amrita.DESKTOP-MJJ9189\Desktop\SDC\Faults\IMG\left_2018_07_01_09_24_25_937.jpg,C:\Users\Amrita.DESKTOP-MJJ9189\Desktop\SDC\Faults\IMG\right_2018_07_01_09_24_25_937.jpg,0,1,0,30.19037
C:\Users\Amrita.DESKTOP-MJJ9189\Desktop\SDC\Faults\IMG\center_2018_07_01_09_24_26_009.jpg,C:\Users\Amrita.DESKTOP-MJJ9189\Desktop\SDC\Faults\IMG\left_2018_07_01_09_24_26_009.jpg,C:\Users\Amrita.DESKTOP-MJJ9189\Desktop\SDC\Faults\IMG\right_2018_07_01_09_24_26_009.jpg,0,1,0,30.19024
C:\Users\Amrita.DESKTOP-MJJ9189\Desktop\SDC\Faults\IMG\center_2018_07_01_09_24_26_084.jpg,C:\Users\Amrita.DESKTOP-MJJ9189\Desktop\SDC\Faults\IMG\left_2018_07_01_09_24_26_084.jpg,C:\Users\Amrita.DESKTOP-MJJ9189\Desktop\SDC\Faults\IMG\right_2018_07_01_09_24_26_084.jpg,0,1,0,30.19083
C:\Users\Amrita.DESKTOP-MJJ9189\Desktop\SDC\Faults\IMG\center_2018_07_01_09_24_26_161.jpg,C:\Users\Amrita.DESKTOP-MJJ9189\Desktop\SDC\Faults\IMG\left_2018_07_01_09_24_26_161.jpg,C:\Users\Amrita.DESKTOP-MJJ9189\Desktop\SDC\Faults\IMG\right_2018_07_01_09_24_26_161.jpg,0.1037736,1,0,30.1879
C:\Users\Amrita.DESKTOP-MJJ9189\Desktop\SDC\Faults\IMG\center_2018_07_01_09_24_26_237.jpg,C:\Users\Amrita.DESKTOP-MJJ9189\Desktop\SDC\Faults\IMG\left_2018_07_01_09_24_26_237.jpg,C:\Users\Amrita.DESKTOP-MJJ9189\Desktop\SDC\Faults\IMG\right_2018_07_01_09_24_26_237.jpg,0.1509434,1,0,30.18557
C:\Users\Amrita.DESKTOP-MJJ9189\Desktop\SDC\Faults\IMG\center_2018_07_01_09_24_26_313.jpg,C:\Users\Amrita.DESKTOP-MJJ9189\Desktop\SDC\Faults\IMG\left_2018_07_01_09_24_26_313.jpg,C:\Users\Amrita.DESKTOP-MJJ9189\Desktop\SDC\Faults\IMG\right_2018_07_01_09_24_26_313.jpg,0.1698113,1,0,30.18784
C:\Users\Amrita.DESKTOP-MJJ9189\Desktop\SDC\Faults\IMG\center_2018_07_01_09_24_26_382.jpg,C:\Users\Amrita.DESKTOP-MJJ9189\Desktop\SDC\Faults\IMG\left_2018_07_01_09_24_26_382.jpg,C:\Users\Amrita.DESKTOP-MJJ9189\Desktop\SDC\Faults\IMG\right_2018_07_01_09_24_26_382.jpg,0.1698113,1,0,30.1876
C:\Users\Amrita.DESKTOP-MJJ9189\Desktop\SDC\Faults\IMG\center_2018_07_01_09_24_26_458.jpg,C:\Users\Amrita.DESKTOP-MJJ9189\Desktop\SDC\Faults\IMG\left_2018_07_01_09_24_26_458.jpg,C:\Users\Amrita.DESKTOP-MJJ9189\Desktop\SDC\Faults\IMG\right_2018_07_01_09_24_26_458.jpg,0.1698113,1,0,30.18878
C:\Users\Amrita.DESKTOP-MJJ9189\Desktop\SDC\Faults\IMG\center_2018_07_01_09_24_26_529.jpg,C:\Users\Amrita.DESKTOP-MJJ9189\Desktop\SDC\Faults\IMG\left_2018_07_01_09_24_26_529.jpg,C:\Users\Amrita.DESKTOP-MJJ9189\Desktop\SDC\Faults\IMG\right_2018_07_01_09_24_26_529.jpg,0.1698113,1,0,30.18911
C:\Users\Amrita.DESKTOP-MJJ9189\Desktop\SDC\Faults\IMG\center_2018_07_01_09_24_26_603.jpg,C:\Users\Amrita.DESKTOP-MJJ9189\Desktop\SDC\Faults\IMG\left_2018_07_01_09_24_26_603.jpg,C:\Users\Amrita.DESKTOP-MJJ9189\Desktop\SDC\Faults\IMG\right_2018_07_01_09_24_26_603.jpg,0.1698113,1,0,30.18955
C:\Users\Amrita.DESKTOP-MJJ9189\Desktop\SDC\Faults\IMG\center_2018_07_01_09_24_26_680.jpg,C:\Users\Amrita.DESKTOP-MJJ9189\Desktop\SDC\Faults\IMG\left_2018_07_01_09_24_26_680.jpg,C:\Users\Amrita.DESKTOP-MJJ9189\Desktop\SDC\Faults\IMG\right_2018_07_01_09_24_26_680.jpg,0.2075472,1,0,30.18786
C:\Users\Amrita.DESKTOP-MJJ9189\Desktop\SDC\Faults\IMG\center_2018_07_01_09_24_26_757.jpg,C:\Users\Amrita.DESKTOP-MJJ9189\Desktop\SDC\Faults\IMG\left_2018_07_01_09_24_26_757.jpg,C:\Users\Amrita.DESKTOP-MJJ9189\Desktop\SDC\Faults\IMG\right_2018_07_01_09_24_26_757.jpg,0.2641509,1,0,30.18452
C:\Users\Amrita.DESKTOP-MJJ9189\Desktop\SDC\Faults\IMG\center_2018_07_01_09_24_26_824.jpg,C:\Users\Amrita.DESKTOP-MJJ9189\Desktop\SDC\Faults\IMG\left_2018_07_01_09_24_26_824.jpg,C:\Users\Amrita.DESKTOP-MJJ9189\Desktop\SDC\Faults\IMG\right_2018_07_01_09_24_26_824.jpg,0,1,0,30.18591
C:\Users\Amrita.DESKTOP-MJJ9189\Desktop\SDC\Faults\IMG\center_2018_07_01_09_24_26_891.jpg,C:\Users\Amrita.DESKTOP-MJJ9189\Desktop\SDC\Faults\IMG\left_2018_07_01_09_24_26_891.jpg,C:\Users\Amrita.DESKTOP-MJJ9189\Desktop\SDC\Faults\IMG\right_2018_07_01_09_24_26_891.jpg,0,1,0,30.1895
C:\Users\Amrita.DESKTOP-MJJ9189\Desktop\SDC\Faults\IMG\center_2018_07_01_09_24_26_967.jpg,C:\Users\Amrita.DESKTOP-MJJ9189\Desktop\SDC\Faults\IMG\left_2018_07_01_09_24_26_967.jpg,C:\Users\Amrita.DESKTOP-MJJ9189\Desktop\SDC\Faults\IMG\right_2018_07_01_09_24_26_967.jpg,0,1,0,30.19032
C:\Users\Amrita.DESKTOP-MJJ9189\Desktop\SDC\Faults\IMG\center_2018_07_01_09_24_27_043.jpg,C:\Users\Amrita.DESKTOP-MJJ9189\Desktop\SDC\Faults\IMG\left_2018_07_01_09_24_27_043.jpg,C:\Users\Amrita.DESKTOP-MJJ9189\Desktop\SDC\Faults\IMG\right_2018_07_01_09_24_27_043.jpg,0,1,0,30.19029
C:\Users\Amrita.DESKTOP-MJJ9189\Desktop\SDC\Faults\IMG\center_2018_07_01_09_24_27_110.jpg,C:\Users\Amrita.DESKTOP-MJJ9189\Desktop\SDC\Faults\IMG\left_2018_07_01_09_24_27_110.jpg,C:\Users\Amrita.DESKTOP-MJJ9189\Desktop\SDC\Faults\IMG\right_2018_07_01_09_24_27_110.jpg,0,0.7983671,0,30.15363
C:\Users\Amrita.DESKTOP-MJJ9189\Desktop\SDC\Faults\IMG\center_2018_07_01_09_24_27_179.jpg,C:\Users\Amrita.DESKTOP-MJJ9189\Desktop\SDC\Faults\IMG\left_2018_07_01_09_24_27_179.jpg,C:\Users\Amrita.DESKTOP-MJJ9189\Desktop\SDC\Faults\IMG\right_2018_07_01_09_24_27_179.jpg,0,0.5622237,0,30.09415
C:\Users\Amrita.DESKTOP-MJJ9189\Desktop\SDC\Faults\IMG\center_2018_07_01_09_24_27_251.jpg,C:\Users\Amrita.DESKTOP-MJJ9189\Desktop\SDC\Faults\IMG\left_2018_07_01_09_24_27_251.jpg,C:\Users\Amrita.DESKTOP-MJJ9189\Desktop\SDC\Faults\IMG\right_2018_07_01_09_24_27_251.jpg,0,0.3892436,0,30.03829
C:\Users\Amrita.DESKTOP-MJJ9189\Desktop\SDC\Faults\IMG\center_2018_07_01_09_24_27_327.jpg,C:\Users\Amrita.DESKTOP-MJJ9189\Desktop\SDC\Faults\IMG\left_2018_07_01_09_24_27_327.jpg,C:\Users\Amrita.DESKTOP-MJJ9189\Desktop\SDC\Faults\IMG\right_2018_07_01_09_24_27_327.jpg,0,0.1532213,0,29.97814
C:\Users\Amrita.DESKTOP-MJJ9189\Desktop\SDC\Faults\IMG\center_2018_07_01_09_24_27_401.jpg,C:\Users\Amrita.DESKTOP-MJJ9189\Desktop\SDC\Faults\IMG\left_2018_07_01_09_24_27_401.jpg,C:\Users\Amrita.DESKTOP-MJJ9189\Desktop\SDC\Faults\IMG\right_2018_07_01_09_24_27_401.jpg,0,0,0,29.78738
C:\Users\Amrita.DESKTOP-MJJ9189\Desktop\SDC\Faults\IMG\center_2018_07_01_09_24_27_472.jpg,C:\Users\Amrita.DESKTOP-MJJ9189\Desktop\SDC\Faults\IMG\left_2018_07_01_09_24_27_472.jpg,C:\Users\Amrita.DESKTOP-MJJ9189\Desktop\SDC\Faults\IMG\right_2018_07_01_09_24_27_472.jpg,0,0,0,29.60747
C:\Users\Amrita.DESKTOP-MJJ9189\Desktop\SDC\Faults\IMG\center_2018_07_01_09_24_27_544.jpg,C:\Users\Amrita.DESKTOP-MJJ9189\Desktop\SDC\Faults\IMG\left_2018_07_01_09_24_27_544.jpg,C:\Users\Amrita.DESKTOP-MJJ9189\Desktop\SDC\Faults\IMG\right_2018_07_01_09_24_27_544.jpg,0,0,0,29.36941
C:\Users\Amrita.DESKTOP-MJJ9189\Desktop\SDC\Faults\IMG\center_2018_07_01_09_24_27_613.jpg,C:\Users\Amrita.DESKTOP-MJJ9189\Desktop\SDC\Faults\IMG\left_2018_07_01_09_24_27_613.jpg,C:\Users\Amrita.DESKTOP-MJJ9189\Desktop\SDC\Faults\IMG\right_2018_07_01_09_24_27_613.jpg,0,0,0,29.13324
C:\Users\Amrita.DESKTOP-MJJ9189\Desktop\SDC\Faults\IMG\center_2018_07_01_09_24_27_683.jpg,C:\Users\Amrita.DESKTOP-MJJ9189\Desktop\SDC\Faults\IMG\left_2018_07_01_09_24_27_683.jpg,C:\Users\Amrita.DESKTOP-MJJ9189\Desktop\SDC\Faults\IMG\right_2018_07_01_09_24_27_683.jpg,0,0,0,28.95737
C:\Users\Amrita.DESKTOP-MJJ9189\Desktop\SDC\Faults\IMG\center_2018_07_01_09_24_27_750.jpg,C:\Users\Amrita.DESKTOP-MJJ9189\Desktop\SDC\Faults\IMG\left_2018_07_01_09_24_27_750.jpg,C:\Users\Amrita.DESKTOP-MJJ9189\Desktop\SDC\Faults\IMG\right_2018_07_01_09_24_27_750.jpg,0,0,0,28.78256
C:\Users\Amrita.DESKTOP-MJJ9189\Desktop\SDC\Faults\IMG\center_2018_07_01_09_24_27_819.jpg,C:\Users\Amrita.DESKTOP-MJJ9189\Desktop\SDC\Faults\IMG\left_2018_07_01_09_24_27_819.jpg,C:\Users\Amrita.DESKTOP-MJJ9189\Desktop\SDC\Faults\IMG\right_2018_07_01_09_24_27_819.jpg,0,0,0,28.55112
C:\Users\Amrita.DESKTOP-MJJ9189\Desktop\SDC\Faults\IMG\center_2018_07_01_09_24_27_886.jpg,C:\Users\Amrita.DESKTOP-MJJ9189\Desktop\SDC\Faults\IMG\left_2018_07_01_09_24_27_886.jpg,C:\Users\Amrita.DESKTOP-MJJ9189\Desktop\SDC\Faults\IMG\right_2018_07_01_09_24_27_886.jpg,0,0,0,28.37876
C:\Users\Amrita.DESKTOP-MJJ9189\Desktop\SDC\Faults\IMG\center_2018_07_01_09_24_28_072.jpg,C:\Users\Amrita.DESKTOP-MJJ9189\Desktop\SDC\Faults\IMG\left_2018_07_01_09_24_28_072.jpg,C:\Users\Amrita.DESKTOP-MJJ9189\Desktop\SDC\Faults\IMG\right_2018_07_01_09_24_28_072.jpg,0,0,0,25.84375
C:\Users\Amrita.DESKTOP-MJJ9189\Desktop\SDC\Faults\IMG\center_2018_07_01_09_25_02_166.jpg,C:\Users\Amrita.DESKTOP-MJJ9189\Desktop\SDC\Faults\IMG\left_2018_07_01_09_25_02_166.jpg,C:\Users\Amrita.DESKTOP-MJJ9189\Desktop\SDC\Faults\IMG\right_2018_07_01_09_25_02_166.jpg,0,0,0,4.387219
C:\Users\Amrita.DESKTOP-MJJ9189\Desktop\SDC\Faults\IMG\center_2018_07_01_09_25_02_241.jpg,C:\Users\Amrita.DESKTOP-MJJ9189\Desktop\SDC\Faults\IMG\left_2018_07_01_09_25_02_241.jpg,C:\Users\Amrita.DESKTOP-MJJ9189\Desktop\SDC\Faults\IMG\right_2018_07_01_09_25_02_241.jpg,0,0,0,4.35196
C:\Users\Amrita.DESKTOP-MJJ9189\Desktop\SDC\Faults\IMG\center_2018_07_01_09_25_02_317.jpg,C:\Users\Amrita.DESKTOP-MJJ9189\Desktop\SDC\Faults\IMG\left_2018_07_01_09_25_02_317.jpg,C:\Users\Amrita.DESKTOP-MJJ9189\Desktop\SDC\Faults\IMG\right_2018_07_01_09_25_02_317.jpg,0,0,0,4.316985
C:\Users\Amrita.DESKTOP-MJJ9189\Desktop\SDC\Faults\IMG\center_2018_07_01_09_25_02_393.jpg,C:\Users\Amrita.DESKTOP-MJJ9189\Desktop\SDC\Faults\IMG\left_2018_07_01_09_25_02_393.jpg,C:\Users\Amrita.DESKTOP-MJJ9189\Desktop\SDC\Faults\IMG\right_2018_07_01_09_25_02_393.jpg,0,0,0,4.282291
C:\Users\Amrita.DESKTOP-MJJ9189\Desktop\SDC\Faults\IMG\center_2018_07_01_09_25_02_464.jpg,C:\Users\Amrita.DESKTOP-MJJ9189\Desktop\SDC\Faults\IMG\left_2018_07_01_09_25_02_464.jpg,C:\Users\Amrita.DESKTOP-MJJ9189\Desktop\SDC\Faults\IMG\right_2018_07_01_09_25_02_464.jpg,0,0,0,4.256454
C:\Users\Amrita.DESKTOP-MJJ9189\Desktop\SDC\Faults\IMG\center_2018_07_01_09_25_02_539.jpg,C:\Users\Amrita.DESKTOP-MJJ9189\Desktop\SDC\Faults\IMG\left_2018_07_01_09_25_02_539.jpg,C:\Users\Amrita.DESKTOP-MJJ9189\Desktop\SDC\Faults\IMG\right_2018_07_01_09_25_02_539.jpg,0,0,0,4.222247
C:\Users\Amrita.DESKTOP-MJJ9189\Desktop\SDC\Faults\IMG\center_2018_07_01_09_25_02_611.jpg,C:\Users\Amrita.DESKTOP-MJJ9189\Desktop\SDC\Faults\IMG\left_2018_07_01_09_25_02_611.jpg,C:\Users\Amrita.DESKTOP-MJJ9189\Desktop\SDC\Faults\IMG\right_2018_07_01_09_25_02_611.jpg,0,0,0,4.196772
C:\Users\Amrita.DESKTOP-MJJ9189\Desktop\SDC\Faults\IMG\center_2018_07_01_09_25_02_687.jpg,C:\Users\Amrita.DESKTOP-MJJ9189\Desktop\SDC\Faults\IMG\left_2018_07_01_09_25_02_687.jpg,C:\Users\Amrita.DESKTOP-MJJ9189\Desktop\SDC\Faults\IMG\right_2018_07_01_09_25_02_687.jpg,-0.009433962,0.2258954,0,4.28393
C:\Users\Amrita.DESKTOP-MJJ9189\Desktop\SDC\Faults\IMG\center_2018_07_01_09_25_02_761.jpg,C:\Users\Amrita.DESKTOP-MJJ9189\Desktop\SDC\Faults\IMG\left_2018_07_01_09_25_02_761.jpg,C:\Users\Amrita.DESKTOP-MJJ9189\Desktop\SDC\Faults\IMG\right_2018_07_01_09_25_02_761.jpg,-0.009433962,0.4507769,0,4.5997
C:\Users\Amrita.DESKTOP-MJJ9189\Desktop\SDC\Faults\IMG\center_2018_07_01_09_25_02_837.jpg,C:\Users\Amrita.DESKTOP-MJJ9189\Desktop\SDC\Faults\IMG\left_2018_07_01_09_25_02_837.jpg,C:\Users\Amrita.DESKTOP-MJJ9189\Desktop\SDC\Faults\IMG\right_2018_07_01_09_25_02_837.jpg,-0.009433962,0.7022558,0,5.146388
C:\Users\Amrita.DESKTOP-MJJ9189\Desktop\SDC\Faults\IMG\center_2018_07_01_09_25_02_911.jpg,C:\Users\Amrita.DESKTOP-MJJ9189\Desktop\SDC\Faults\IMG\left_2018_07_01_09_25_02_911.jpg,C:\Users\Amrita.DESKTOP-MJJ9189\Desktop\SDC\Faults\IMG\right_2018_07_01_09_25_02_911.jpg,-0.009433962,0.8764411,0,5.700176
C:\Users\Amrita.DESKTOP-MJJ9189\Desktop\SDC\Faults\IMG\center_2018_07_01_09_25_02_986.jpg,C:\Users\Amrita.DESKTOP-MJJ9189\Desktop\SDC\Faults\IMG\left_2018_07_01_09_25_02_986.jpg,C:\Users\Amrita.DESKTOP-MJJ9189\Desktop\SDC\Faults\IMG\right_2018_07_01_09_25_02_986.jpg,-0.009433962,1,0,6.600999
C:\Users\Amrita.DESKTOP-MJJ9189\Desktop\SDC\Faults\IMG\center_2018_07_01_09_25_03_060.jpg,C:\Users\Amrita.DESKTOP-MJJ9189\Desktop\SDC\Faults\IMG\left_2018_07_01_09_25_03_060.jpg,C:\Users\Amrita.DESKTOP-MJJ9189\Desktop\SDC\Faults\IMG\right_2018_07_01_09_25_03_060.jpg,-0.009433962,1,0,7.514152
C:\Users\Amrita.DESKTOP-MJJ9189\Desktop\SDC\Faults\IMG\center_2018_07_01_09_25_03_128.jpg,C:\Users\Amrita.DESKTOP-MJJ9189\Desktop\SDC\Faults\IMG\left_2018_07_01_09_25_03_128.jpg,C:\Users\Amrita.DESKTOP-MJJ9189\Desktop\SDC\Faults\IMG\right_2018_07_01_09_25_03_128.jpg,-0.03773585,1,0,8.19419
C:\Users\Amrita.DESKTOP-MJJ9189\Desktop\SDC\Faults\IMG\center_2018_07_01_09_25_03_204.jpg,C:\Users\Amrita.DESKTOP-MJJ9189\Desktop\SDC\Faults\IMG\left_2018_07_01_09_25_03_204.jpg,C:\Users\Amrita.DESKTOP-MJJ9189\Desktop\SDC\Faults\IMG\right_2018_07_01_09_25_03_204.jpg,-0.09433963,1,0,9.093559
C:\Users\Amrita.DESKTOP-MJJ9189\Desktop\SDC\Faults\IMG\center_2018_07_01_09_25_03_278.jpg,C:\Users\Amrita.DESKTOP-MJJ9189\Desktop\SDC\Faults\IMG\left_2018_07_01_09_25_03_278.jpg,C:\Users\Amrita.DESKTOP-MJJ9189\Desktop\SDC\Faults\IMG\right_2018_07_01_09_25_03_278.jpg,-0.1320755,1,0,9.983932
C:\Users\Amrita.DESKTOP-MJJ9189\Desktop\SDC\Faults\IMG\center_2018_07_01_09_25_03_353.jpg,C:\Users\Amrita.DESKTOP-MJJ9189\Desktop\SDC\Faults\IMG\left_2018_07_01_09_25_03_353.jpg,C:\Users\Amrita.DESKTOP-MJJ9189\Desktop\SDC\Faults\IMG\right_2018_07_01_09_25_03_353.jpg,0,1,0,10.86749
C:\Users\Amrita.DESKTOP-MJJ9189\Desktop\SDC\Faults\IMG\center_2018_07_01_09_25_03_420.jpg,C:\Users\Amrita.DESKTOP-MJJ9189\Desktop\SDC\Faults\IMG\left_2018_07_01_09_25_03_420.jpg,C:\Users\Amrita.DESKTOP-MJJ9189\Desktop\SDC\Faults\IMG\right_2018_07_01_09_25_03_420.jpg,0,1,0,11.62465
C:\Users\Amrita.DESKTOP-MJJ9189\Desktop\SDC\Faults\IMG\center_2018_07_01_09_25_03_487.jpg,C:\Users\Amrita.DESKTOP-MJJ9189\Desktop\SDC\Faults\IMG\left_2018_07_01_09_25_03_487.jpg,C:\Users\Amrita.DESKTOP-MJJ9189\Desktop\SDC\Faults\IMG\right_2018_07_01_09_25_03_487.jpg,0,1,0,11.9329
C:\Users\Amrita.DESKTOP-MJJ9189\Desktop\SDC\Faults\IMG\center_2018_07_01_09_25_03_555.jpg,C:\Users\Amrita.DESKTOP-MJJ9189\Desktop\SDC\Faults\IMG\left_2018_07_01_09_25_03_555.jpg,C:\Users\Amrita.DESKTOP-MJJ9189\Desktop\SDC\Faults\IMG\right_2018_07_01_09_25_03_555.jpg,0,1,0,13.07712
C:\Users\Amrita.DESKTOP-MJJ9189\Desktop\SDC\Faults\IMG\center_2018_07_01_09_25_03_628.jpg,C:\Users\Amrita.DESKTOP-MJJ9189\Desktop\SDC\Faults\IMG\left_2018_07_01_09_25_03_628.jpg,C:\Users\Amrita.DESKTOP-MJJ9189\Desktop\SDC\Faults\IMG\right_2018_07_01_09_25_03_628.jpg,0,1,0,13.76265
C:\Users\Amrita.DESKTOP-MJJ9189\Desktop\SDC\Faults\IMG\center_2018_07_01_09_25_03_696.jpg,C:\Users\Amrita.DESKTOP-MJJ9189\Desktop\SDC\Faults\IMG\left_2018_07_01_09_25_03_696.jpg,C:\Users\Amrita.DESKTOP-MJJ9189\Desktop\SDC\Faults\IMG\right_2018_07_01_09_25_03_696.jpg,0,1,0,14.55306
C:\Users\Amrita.DESKTOP-MJJ9189\Desktop\SDC\Faults\IMG\center_2018_07_01_09_25_03_769.jpg,C:\Users\Amrita.DESKTOP-MJJ9189\Desktop\SDC\Faults\IMG\left_2018_07_01_09_25_03_769.jpg,C:\Users\Amrita.DESKTOP-MJJ9189\Desktop\SDC\Faults\IMG\right_2018_07_01_09_25_03_769.jpg,0,1,0,15.1495
C:\Users\Amrita.DESKTOP-MJJ9189\Desktop\SDC\Faults\IMG\center_2018_07_01_09_25_03_837.jpg,C:\Users\Amrita.DESKTOP-MJJ9189\Desktop\SDC\Faults\IMG\left_2018_07_01_09_25_03_837.jpg,C:\Users\Amrita.DESKTOP-MJJ9189\Desktop\SDC\Faults\IMG\right_2018_07_01_09_25_03_837.jpg,-0.009433962,1,0,16.00624
C:\Users\Amrita.DESKTOP-MJJ9189\Desktop\SDC\Faults\IMG\center_2018_07_01_09_25_03_911.jpg,C:\Users\Amrita.DESKTOP-MJJ9189\Desktop\SDC\Faults\IMG\left_2018_07_01_09_25_03_911.jpg,C:\Users\Amrita.DESKTOP-MJJ9189\Desktop\SDC\Faults\IMG\right_2018_07_01_09_25_03_911.jpg,-0.03773585,1,0,16.68967
C:\Users\Amrita.DESKTOP-MJJ9189\Desktop\SDC\Faults\IMG\center_2018_07_01_09_25_03_983.jpg,C:\Users\Amrita.DESKTOP-MJJ9189\Desktop\SDC\Faults\IMG\left_2018_07_01_09_25_03_983.jpg,C:\Users\Amrita.DESKTOP-MJJ9189\Desktop\SDC\Faults\IMG\right_2018_07_01_09_25_03_983.jpg,-0.05660377,1,0,17.51524
C:\Users\Amrita.DESKTOP-MJJ9189\Desktop\SDC\Faults\IMG\center_2018_07_01_09_25_04_057.jpg,C:\Users\Amrita.DESKTOP-MJJ9189\Desktop\SDC\Faults\IMG\left_2018_07_01_09_25_04_057.jpg,C:\Users\Amrita.DESKTOP-MJJ9189\Desktop\SDC\Faults\IMG\right_2018_07_01_09_25_04_057.jpg,-0.05660377,1,0,18.336
C:\Users\Amrita.DESKTOP-MJJ9189\Desktop\SDC\Faults\IMG\center_2018_07_01_09_25_04_127.jpg,C:\Users\Amrita.DESKTOP-MJJ9189\Desktop\SDC\Faults\IMG\left_2018_07_01_09_25_04_127.jpg,C:\Users\Amrita.DESKTOP-MJJ9189\Desktop\SDC\Faults\IMG\right_2018_07_01_09_25_04_127.jpg,-0.05660377,1,0,18.9473
C:\Users\Amrita.DESKTOP-MJJ9189\Desktop\SDC\Faults\IMG\center_2018_07_01_09_25_04_194.jpg,C:\Users\Amrita.DESKTOP-MJJ9189\Desktop\SDC\Faults\IMG\left_2018_07_01_09_25_04_194.jpg,C:\Users\Amrita.DESKTOP-MJJ9189\Desktop\SDC\Faults\IMG\right_2018_07_01_09_25_04_194.jpg,-0.06603774,1,0,19.76679
C:\Users\Amrita.DESKTOP-MJJ9189\Desktop\SDC\Faults\IMG\center_2018_07_01_09_25_04_265.jpg,C:\Users\Amrita.DESKTOP-MJJ9189\Desktop\SDC\Faults\IMG\left_2018_07_01_09_25_04_265.jpg,C:\Users\Amrita.DESKTOP-MJJ9189\Desktop\SDC\Faults\IMG\right_2018_07_01_09_25_04_265.jpg,-0.0754717,1,0,20.3709
C:\Users\Amrita.DESKTOP-MJJ9189\Desktop\SDC\Faults\IMG\center_2018_07_01_09_25_04_336.jpg,C:\Users\Amrita.DESKTOP-MJJ9189\Desktop\SDC\Faults\IMG\left_2018_07_01_09_25_04_336.jpg,C:\Users\Amrita.DESKTOP-MJJ9189\Desktop\SDC\Faults\IMG\right_2018_07_01_09_25_04_336.jpg,-0.0754717,1,0,21.17496
C:\Users\Amrita.DESKTOP-MJJ9189\Desktop\SDC\Faults\IMG\center_2018_07_01_09_25_04_406.jpg,C:\Users\Amrita.DESKTOP-MJJ9189\Desktop\SDC\Faults\IMG\left_2018_07_01_09_25_04_406.jpg,C:\Users\Amrita.DESKTOP-MJJ9189\Desktop\SDC\Faults\IMG\right_2018_07_01_09_25_04_406.jpg,0,1,0,21.77988
C:\Users\Amrita.DESKTOP-MJJ9189\Desktop\SDC\Faults\IMG\center_2018_07_01_09_25_04_479.jpg,C:\Users\Amrita.DESKTOP-MJJ9189\Desktop\SDC\Faults\IMG\left_2018_07_01_09_25_04_479.jpg,C:\Users\Amrita.DESKTOP-MJJ9189\Desktop\SDC\Faults\IMG\right_2018_07_01_09_25_04_479.jpg,0,1,0,22.57123
C:\Users\Amrita.DESKTOP-MJJ9189\Desktop\SDC\Faults\IMG\center_2018_07_01_09_25_04_552.jpg,C:\Users\Amrita.DESKTOP-MJJ9189\Desktop\SDC\Faults\IMG\left_2018_07_01_09_25_04_552.jpg,C:\Users\Amrita.DESKTOP-MJJ9189\Desktop\SDC\Faults\IMG\right_2018_07_01_09_25_04_552.jpg,0,1,0,23.15672
C:\Users\Amrita.DESKTOP-MJJ9189\Desktop\SDC\Faults\IMG\center_2018_07_01_09_25_04_622.jpg,C:\Users\Amrita.DESKTOP-MJJ9189\Desktop\SDC\Faults\IMG\left_2018_07_01_09_25_04_622.jpg,C:\Users\Amrita.DESKTOP-MJJ9189\Desktop\SDC\Faults\IMG\right_2018_07_01_09_25_04_622.jpg,0,1,0,23.93891
C:\Users\Amrita.DESKTOP-MJJ9189\Desktop\SDC\Faults\IMG\center_2018_07_01_09_25_04_694.jpg,C:\Users\Amrita.DESKTOP-MJJ9189\Desktop\SDC\Faults\IMG\left_2018_07_01_09_25_04_694.jpg,C:\Users\Amrita.DESKTOP-MJJ9189\Desktop\SDC\Faults\IMG\right_2018_07_01_09_25_04_694.jpg,0,1,0,24.71449
C:\Users\Amrita.DESKTOP-MJJ9189\Desktop\SDC\Faults\IMG\center_2018_07_01_09_25_04_763.jpg,C:\Users\Amrita.DESKTOP-MJJ9189\Desktop\SDC\Faults\IMG\left_2018_07_01_09_25_04_763.jpg,C:\Users\Amrita.DESKTOP-MJJ9189\Desktop\SDC\Faults\IMG\right_2018_07_01_09_25_04_763.jpg,-0.01886792,1,0,25.29144
C:\Users\Amrita.DESKTOP-MJJ9189\Desktop\SDC\Faults\IMG\center_2018_07_01_09_25_04_833.jpg,C:\Users\Amrita.DESKTOP-MJJ9189\Desktop\SDC\Faults\IMG\left_2018_07_01_09_25_04_833.jpg,C:\Users\Amrita.DESKTOP-MJJ9189\Desktop\SDC\Faults\IMG\right_2018_07_01_09_25_04_833.jpg,-0.01886792,1,0,26.05514
C:\Users\Amrita.DESKTOP-MJJ9189\Desktop\SDC\Faults\IMG\center_2018_07_01_09_25_04_903.jpg,C:\Users\Amrita.DESKTOP-MJJ9189\Desktop\SDC\Faults\IMG\left_2018_07_01_09_25_04_903.jpg,C:\Users\Amrita.DESKTOP-MJJ9189\Desktop\SDC\Faults\IMG\right_2018_07_01_09_25_04_903.jpg,-0.02830189,1,0,26.62382
C:\Users\Amrita.DESKTOP-MJJ9189\Desktop\SDC\Faults\IMG\center_2018_07_01_09_25_04_974.jpg,C:\Users\Amrita.DESKTOP-MJJ9189\Desktop\SDC\Faults\IMG\left_2018_07_01_09_25_04_974.jpg,C:\Users\Amrita.DESKTOP-MJJ9189\Desktop\SDC\Faults\IMG\right_2018_07_01_09_25_04_974.jpg,-0.04716982,1,0,27.37649
C:\Users\Amrita.DESKTOP-MJJ9189\Desktop\SDC\Faults\IMG\center_2018_07_01_09_25_05_041.jpg,C:\Users\Amrita.DESKTOP-MJJ9189\Desktop\SDC\Faults\IMG\left_2018_07_01_09_25_05_041.jpg,C:\Users\Amrita.DESKTOP-MJJ9189\Desktop\SDC\Faults\IMG\right_2018_07_01_09_25_05_041.jpg,-0.05660377,1,0,27.93659
C:\Users\Amrita.DESKTOP-MJJ9189\Desktop\SDC\Faults\IMG\center_2018_07_01_09_25_05_113.jpg,C:\Users\Amrita.DESKTOP-MJJ9189\Desktop\SDC\Faults\IMG\left_2018_07_01_09_25_05_113.jpg,C:\Users\Amrita.DESKTOP-MJJ9189\Desktop\SDC\Faults\IMG\right_2018_07_01_09_25_05_113.jpg,-0.09433963,1,0,28.67687
C:\Users\Amrita.DESKTOP-MJJ9189\Desktop\SDC\Faults\IMG\center_2018_07_01_09_25_05_182.jpg,C:\Users\Amrita.DESKTOP-MJJ9189\Desktop\SDC\Faults\IMG\left_2018_07_01_09_25_05_182.jpg,C:\Users\Amrita.DESKTOP-MJJ9189\Desktop\SDC\Faults\IMG\right_2018_07_01_09_25_05_182.jpg,-0.09433963,1,0,29.22731
C:\Users\Amrita.DESKTOP-MJJ9189\Desktop\SDC\Faults\IMG\center_2018_07_01_09_25_05_249.jpg,C:\Users\Amrita.DESKTOP-MJJ9189\Desktop\SDC\Faults\IMG\left_2018_07_01_09_25_05_249.jpg,C:\Users\Amrita.DESKTOP-MJJ9189\Desktop\SDC\Faults\IMG\right_2018_07_01_09_25_05_249.jpg,-0.09433963,1,0,29.77524
C:\Users\Amrita.DESKTOP-MJJ9189\Desktop\SDC\Faults\IMG\center_2018_07_01_09_25_05_320.jpg,C:\Users\Amrita.DESKTOP-MJJ9189\Desktop\SDC\Faults\IMG\left_2018_07_01_09_25_05_320.jpg,C:\Users\Amrita.DESKTOP-MJJ9189\Desktop\SDC\Faults\IMG\right_2018_07_01_09_25_05_320.jpg,0,1,0,30.19025
C:\Users\Amrita.DESKTOP-MJJ9189\Desktop\SDC\Faults\IMG\center_2018_07_01_09_25_05_389.jpg,C:\Users\Amrita.DESKTOP-MJJ9189\Desktop\SDC\Faults\IMG\left_2018_07_01_09_25_05_389.jpg,C:\Users\Amrita.DESKTOP-MJJ9189\Desktop\SDC\Faults\IMG\right_2018_07_01_09_25_05_389.jpg,0,1,0,30.19032
C:\Users\Amrita.DESKTOP-MJJ9189\Desktop\SDC\Faults\IMG\center_2018_07_01_09_25_05_458.jpg,C:\Users\Amrita.DESKTOP-MJJ9189\Desktop\SDC\Faults\IMG\left_2018_07_01_09_25_05_458.jpg,C:\Users\Amrita.DESKTOP-MJJ9189\Desktop\SDC\Faults\IMG\right_2018_07_01_09_25_05_458.jpg,-0.009433962,1,0,30.19025
C:\Users\Amrita.DESKTOP-MJJ9189\Desktop\SDC\Faults\IMG\center_2018_07_01_09_25_05_525.jpg,C:\Users\Amrita.DESKTOP-MJJ9189\Desktop\SDC\Faults\IMG\left_2018_07_01_09_25_05_525.jpg,C:\Users\Amrita.DESKTOP-MJJ9189\Desktop\SDC\Faults\IMG\right_2018_07_01_09_25_05_525.jpg,-0.009433962,1,0,30.1903
C:\Users\Amrita.DESKTOP-MJJ9189\Desktop\SDC\Faults\IMG\center_2018_07_01_09_25_05_599.jpg,C:\Users\Amrita.DESKTOP-MJJ9189\Desktop\SDC\Faults\IMG\left_2018_07_01_09_25_05_599.jpg,C:\Users\Amrita.DESKTOP-MJJ9189\Desktop\SDC\Faults\IMG\right_2018_07_01_09_25_05_599.jpg,-0.009433962,1,0,30.19029
C:\Users\Amrita.DESKTOP-MJJ9189\Desktop\SDC\Faults\IMG\center_2018_07_01_09_25_05_667.jpg,C:\Users\Amrita.DESKTOP-MJJ9189\Desktop\SDC\Faults\IMG\left_2018_07_01_09_25_05_667.jpg,C:\Users\Amrita.DESKTOP-MJJ9189\Desktop\SDC\Faults\IMG\right_2018_07_01_09_25_05_667.jpg,-0.01886792,1,0,30.19026
C:\Users\Amrita.DESKTOP-MJJ9189\Desktop\SDC\Faults\IMG\center_2018_07_01_09_25_05_735.jpg,C:\Users\Amrita.DESKTOP-MJJ9189\Desktop\SDC\Faults\IMG\left_2018_07_01_09_25_05_735.jpg,C:\Users\Amrita.DESKTOP-MJJ9189\Desktop\SDC\Faults\IMG\right_2018_07_01_09_25_05_735.jpg,-0.03773585,1,0,30.19
C:\Users\Amrita.DESKTOP-MJJ9189\Desktop\SDC\Faults\IMG\center_2018_07_01_09_25_05_802.jpg,C:\Users\Amrita.DESKTOP-MJJ9189\Desktop\SDC\Faults\IMG\left_2018_07_01_09_25_05_802.jpg,C:\Users\Amrita.DESKTOP-MJJ9189\Desktop\SDC\Faults\IMG\right_2018_07_01_09_25_05_802.jpg,-0.09433963,1,0,30.18858
C:\Users\Amrita.DESKTOP-MJJ9189\Desktop\SDC\Faults\IMG\center_2018_07_01_09_25_05_871.jpg,C:\Users\Amrita.DESKTOP-MJJ9189\Desktop\SDC\Faults\IMG\left_2018_07_01_09_25_05_871.jpg,C:\Users\Amrita.DESKTOP-MJJ9189\Desktop\SDC\Faults\IMG\right_2018_07_01_09_25_05_871.jpg,-0.1415094,1,0,30.18673
C:\Users\Amrita.DESKTOP-MJJ9189\Desktop\SDC\Faults\IMG\center_2018_07_01_09_25_05_942.jpg,C:\Users\Amrita.DESKTOP-MJJ9189\Desktop\SDC\Faults\IMG\left_2018_07_01_09_25_05_942.jpg,C:\Users\Amrita.DESKTOP-MJJ9189\Desktop\SDC\Faults\IMG\right_2018_07_01_09_25_05_942.jpg,-0.1792453,1,0,30.18578
C:\Users\Amrita.DESKTOP-MJJ9189\Desktop\SDC\Faults\IMG\center_2018_07_01_09_25_06_016.jpg,C:\Users\Amrita.DESKTOP-MJJ9189\Desktop\SDC\Faults\IMG\left_2018_07_01_09_25_06_016.jpg,C:\Users\Amrita.DESKTOP-MJJ9189\Desktop\SDC\Faults\IMG\right_2018_07_01_09_25_06_016.jpg,-0.1886793,1,0,30.18702
C:\Users\Amrita.DESKTOP-MJJ9189\Desktop\SDC\Faults\IMG\center_2018_07_01_09_25_06_084.jpg,C:\Users\Amrita.DESKTOP-MJJ9189\Desktop\SDC\Faults\IMG\left_2018_07_01_09_25_06_084.jpg,C:\Users\Amrita.DESKTOP-MJJ9189\Desktop\SDC\Faults\IMG\right_2018_07_01_09_25_06_084.jpg,-0.1886793,1,0,30.18792
C:\Users\Amrita.DESKTOP-MJJ9189\Desktop\SDC\Faults\IMG\center_2018_07_01_09_25_06_152.jpg,C:\Users\Amrita.DESKTOP-MJJ9189\Desktop\SDC\Faults\IMG\left_2018_07_01_09_25_06_152.jpg,C:\Users\Amrita.DESKTOP-MJJ9189\Desktop\SDC\Faults\IMG\right_2018_07_01_09_25_06_152.jpg,-0.1886793,1,0,30.18852
C:\Users\Amrita.DESKTOP-MJJ9189\Desktop\SDC\Faults\IMG\center_2018_07_01_09_25_06_222.jpg,C:\Users\Amrita.DESKTOP-MJJ9189\Desktop\SDC\Faults\IMG\left_2018_07_01_09_25_06_222.jpg,C:\Users\Amrita.DESKTOP-MJJ9189\Desktop\SDC\Faults\IMG\right_2018_07_01_09_25_06_222.jpg,0,1,0,30.18922
C:\Users\Amrita.DESKTOP-MJJ9189\Desktop\SDC\Faults\IMG\center_2018_07_01_09_25_06_290.jpg,C:\Users\Amrita.DESKTOP-MJJ9189\Desktop\SDC\Faults\IMG\left_2018_07_01_09_25_06_290.jpg,C:\Users\Amrita.DESKTOP-MJJ9189\Desktop\SDC\Faults\IMG\right_2018_07_01_09_25_06_290.jpg,0,1,0,30.1899
C:\Users\Amrita.DESKTOP-MJJ9189\Desktop\SDC\Faults\IMG\center_2018_07_01_09_25_06_360.jpg,C:\Users\Amrita.DESKTOP-MJJ9189\Desktop\SDC\Faults\IMG\left_2018_07_01_09_25_06_360.jpg,C:\Users\Amrita.DESKTOP-MJJ9189\Desktop\SDC\Faults\IMG\right_2018_07_01_09_25_06_360.jpg,0,1,0,30.19026
C:\Users\Amrita.DESKTOP-MJJ9189\Desktop\SDC\Faults\IMG\center_2018_07_01_09_25_06_426.jpg,C:\Users\Amrita.DESKTOP-MJJ9189\Desktop\SDC\Faults\IMG\left_2018_07_01_09_25_06_426.jpg,C:\Users\Amrita.DESKTOP-MJJ9189\Desktop\SDC\Faults\IMG\right_2018_07_01_09_25_06_426.jpg,0,1,0,30.19026
C:\Users\Amrita.DESKTOP-MJJ9189\Desktop\SDC\Faults\IMG\center_2018_07_01_09_25_06_495.jpg,C:\Users\Amrita.DESKTOP-MJJ9189\Desktop\SDC\Faults\IMG\left_2018_07_01_09_25_06_495.jpg,C:\Users\Amrita.DESKTOP-MJJ9189\Desktop\SDC\Faults\IMG\right_2018_07_01_09_25_06_495.jpg,-0.05660377,1,0,30.18941
C:\Users\Amrita.DESKTOP-MJJ9189\Desktop\SDC\Faults\IMG\center_2018_07_01_09_25_06_569.jpg,C:\Users\Amrita.DESKTOP-MJJ9189\Desktop\SDC\Faults\IMG\left_2018_07_01_09_25_06_569.jpg,C:\Users\Amrita.DESKTOP-MJJ9189\Desktop\SDC\Faults\IMG\right_2018_07_01_09_25_06_569.jpg,-0.245283,1,0,30.17424
C:\Users\Amrita.DESKTOP-MJJ9189\Desktop\SDC\Faults\IMG\center_2018_07_01_09_25_06_636.jpg,C:\Users\Amrita.DESKTOP-MJJ9189\Desktop\SDC\Faults\IMG\left_2018_07_01_09_25_06_636.jpg,C:\Users\Amrita.DESKTOP-MJJ9189\Desktop\SDC\Faults\IMG\right_2018_07_01_09_25_06_636.jpg,-0.2735849,1,0,30.17933
C:\Users\Amrita.DESKTOP-MJJ9189\Desktop\SDC\Faults\IMG\center_2018_07_01_09_25_06_704.jpg,C:\Users\Amrita.DESKTOP-MJJ9189\Desktop\SDC\Faults\IMG\left_2018_07_01_09_25_06_704.jpg,C:\Users\Amrita.DESKTOP-MJJ9189\Desktop\SDC\Faults\IMG\right_2018_07_01_09_25_06_704.jpg,-0.2735849,1,0,30.183
C:\Users\Amrita.DESKTOP-MJJ9189\Desktop\SDC\Faults\IMG\center_2018_07_01_09_25_06_776.jpg,C:\Users\Amrita.DESKTOP-MJJ9189\Desktop\SDC\Faults\IMG\left_2018_07_01_09_25_06_776.jpg,C:\Users\Amrita.DESKTOP-MJJ9189\Desktop\SDC\Faults\IMG\right_2018_07_01_09_25_06_776.jpg,-0.2735849,1,0,30.18567
C:\Users\Amrita.DESKTOP-MJJ9189\Desktop\SDC\Faults\IMG\center_2018_07_01_09_25_06_843.jpg,C:\Users\Amrita.DESKTOP-MJJ9189\Desktop\SDC\Faults\IMG\left_2018_07_01_09_25_06_843.jpg,C:\Users\Amrita.DESKTOP-MJJ9189\Desktop\SDC\Faults\IMG\right_2018_07_01_09_25_06_843.jpg,-0.2735849,1,0,30.18662
C:\Users\Amrita.DESKTOP-MJJ9189\Desktop\SDC\Faults\IMG\center_2018_07_01_09_25_06_911.jpg,C:\Users\Amrita.DESKTOP-MJJ9189\Desktop\SDC\Faults\IMG\left_2018_07_01_09_25_06_911.jpg,C:\Users\Amrita.DESKTOP-MJJ9189\Desktop\SDC\Faults\IMG\right_2018_07_01_09_25_06_911.jpg,-0.2735849,1,0,30.18753
C:\Users\Amrita.DESKTOP-MJJ9189\Desktop\SDC\Faults\IMG\center_2018_07_01_09_25_06_982.jpg,C:\Users\Amrita.DESKTOP-MJJ9189\Desktop\SDC\Faults\IMG\left_2018_07_01_09_25_06_982.jpg,C:\Users\Amrita.DESKTOP-MJJ9189\Desktop\SDC\Faults\IMG\right_2018_07_01_09_25_06_982.jpg,0,1,0,30.18787
C:\Users\Amrita.DESKTOP-MJJ9189\Desktop\SDC\Faults\IMG\center_2018_07_01_09_25_07_049.jpg,C:\Users\Amrita.DESKTOP-MJJ9189\Desktop\SDC\Faults\IMG\left_2018_07_01_09_25_07_049.jpg,C:\Users\Amrita.DESKTOP-MJJ9189\Desktop\SDC\Faults\IMG\right_2018_07_01_09_25_07_049.jpg,0,1,0,30.18981
C:\Users\Amrita.DESKTOP-MJJ9189\Desktop\SDC\Faults\IMG\center_2018_07_01_09_25_07_117.jpg,C:\Users\Amrita.DESKTOP-MJJ9189\Desktop\SDC\Faults\IMG\left_2018_07_01_09_25_07_117.jpg,C:\Users\Amrita.DESKTOP-MJJ9189\Desktop\SDC\Faults\IMG\right_2018_07_01_09_25_07_117.jpg,0,1,0,30.19022
C:\Users\Amrita.DESKTOP-MJJ9189\Desktop\SDC\Faults\IMG\center_2018_07_01_09_25_07_187.jpg,C:\Users\Amrita.DESKTOP-MJJ9189\Desktop\SDC\Faults\IMG\left_2018_07_01_09_25_07_187.jpg,C:\Users\Amrita.DESKTOP-MJJ9189\Desktop\SDC\Faults\IMG\right_2018_07_01_09_25_07_187.jpg,-0.02830189,1,0,30.19038
C:\Users\Amrita.DESKTOP-MJJ9189\Desktop\SDC\Faults\IMG\center_2018_07_01_09_25_07_260.jpg,C:\Users\Amrita.DESKTOP-MJJ9189\Desktop\SDC\Faults\IMG\left_2018_07_01_09_25_07_260.jpg,C:\Users\Amrita.DESKTOP-MJJ9189\Desktop\SDC\Faults\IMG\right_2018_07_01_09_25_07_260.jpg,-0.08490566,1,0,30.18947
C:\Users\Amrita.DESKTOP-MJJ9189\Desktop\SDC\Faults\IMG\center_2018_07_01_09_25_07_334.jpg,C:\Users\Amrita.DESKTOP-MJJ9189\Desktop\SDC\Faults\IMG\left_2018_07_01_09_25_07_334.jpg,C:\Users\Amrita.DESKTOP-MJJ9189\Desktop\SDC\Faults\IMG\right_2018_07_01_09_25_07_334.jpg,-0.1509434,1,0,30.18661
C:\Users\Amrita.DESKTOP-MJJ9189\Desktop\SDC\Faults\IMG\center_2018_07_01_09_25_07_402.jpg,C:\Users\Amrita.DESKTOP-MJJ9189\Desktop\SDC\Faults\IMG\left_2018_07_01_09_25_07_402.jpg,C:\Users\Amrita.DESKTOP-MJJ9189\Desktop\SDC\Faults\IMG\right_2018_07_01_09_25_07_402.jpg,-0.1792453,1,0,30.18608
C:\Users\Amrita.DESKTOP-MJJ9189\Desktop\SDC\Faults\IMG\center_2018_07_01_09_25_07_470.jpg,C:\Users\Amrita.DESKTOP-MJJ9189\Desktop\SDC\Faults\IMG\left_2018_07_01_09_25_07_470.jpg,C:\Users\Amrita.DESKTOP-MJJ9189\Desktop\SDC\Faults\IMG\right_2018_07_01_09_25_07_470.jpg,-0.2358491,1,0,30.18209
C:\Users\Amrita.DESKTOP-MJJ9189\Desktop\SDC\Faults\IMG\center_2018_07_01_09_25_07_543.jpg,C:\Users\Amrita.DESKTOP-MJJ9189\Desktop\SDC\Faults\IMG\left_2018_07_01_09_25_07_543.jpg,C:\Users\Amrita.DESKTOP-MJJ9189\Desktop\SDC\Faults\IMG\right_2018_07_01_09_25_07_543.jpg,-0.2735849,1,0,30.18235
C:\Users\Amrita.DESKTOP-MJJ9189\Desktop\SDC\Faults\IMG\center_2018_07_01_09_25_07_615.jpg,C:\Users\Amrita.DESKTOP-MJJ9189\Desktop\SDC\Faults\IMG\left_2018_07_01_09_25_07_615.jpg,C:\Users\Amrita.DESKTOP-MJJ9189\Desktop\SDC\Faults\IMG\right_2018_07_01_09_25_07_615.jpg,-0.2830189,1,0,30.18467
C:\Users\Amrita.DESKTOP-MJJ9189\Desktop\SDC\Faults\IMG\center_2018_07_01_09_25_07_687.jpg,C:\Users\Amrita.DESKTOP-MJJ9189\Desktop\SDC\Faults\IMG\left_2018_07_01_09_25_07_687.jpg,C:\Users\Amrita.DESKTOP-MJJ9189\Desktop\SDC\Faults\IMG\right_2018_07_01_09_25_07_687.jpg,-0.2830189,1,0,30.18593
C:\Users\Amrita.DESKTOP-MJJ9189\Desktop\SDC\Faults\IMG\center_2018_07_01_09_25_07_762.jpg,C:\Users\Amrita.DESKTOP-MJJ9189\Desktop\SDC\Faults\IMG\left_2018_07_01_09_25_07_762.jpg,C:\Users\Amrita.DESKTOP-MJJ9189\Desktop\SDC\Faults\IMG\right_2018_07_01_09_25_07_762.jpg,-0.2924528,1,0,30.18666
C:\Users\Amrita.DESKTOP-MJJ9189\Desktop\SDC\Faults\IMG\center_2018_07_01_09_25_07_836.jpg,C:\Users\Amrita.DESKTOP-MJJ9189\Desktop\SDC\Faults\IMG\left_2018_07_01_09_25_07_836.jpg,C:\Users\Amrita.DESKTOP-MJJ9189\Desktop\SDC\Faults\IMG\right_2018_07_01_09_25_07_836.jpg,-0.2924528,1,0,30.18847
C:\Users\Amrita.DESKTOP-MJJ9189\Desktop\SDC\Faults\IMG\center_2018_07_01_09_25_07_906.jpg,C:\Users\Amrita.DESKTOP-MJJ9189\Desktop\SDC\Faults\IMG\left_2018_07_01_09_25_07_906.jpg,C:\Users\Amrita.DESKTOP-MJJ9189\Desktop\SDC\Faults\IMG\right_2018_07_01_09_25_07_906.jpg,-0.2924528,1,0,30.18882
C:\Users\Amrita.DESKTOP-MJJ9189\Desktop\SDC\Faults\IMG\center_2018_07_01_09_25_07_974.jpg,C:\Users\Amrita.DESKTOP-MJJ9189\Desktop\SDC\Faults\IMG\left_2018_07_01_09_25_07_974.jpg,C:\Users\Amrita.DESKTOP-MJJ9189\Desktop\SDC\Faults\IMG\right_2018_07_01_09_25_07_974.jpg,-0.2924528,1,0,30.18788
C:\Users\Amrita.DESKTOP-MJJ9189\Desktop\SDC\Faults\IMG\center_2018_07_01_09_25_08_040.jpg,C:\Users\Amrita.DESKTOP-MJJ9189\Desktop\SDC\Faults\IMG\left_2018_07_01_09_25_08_040.jpg,C:\Users\Amrita.DESKTOP-MJJ9189\Desktop\SDC\Faults\IMG\right_2018_07_01_09_25_08_040.jpg,-0.2924528,1,0,30.18638
C:\Users\Amrita.DESKTOP-MJJ9189\Desktop\SDC\Faults\IMG\center_2018_07_01_09_25_08_113.jpg,C:\Users\Amrita.DESKTOP-MJJ9189\Desktop\SDC\Faults\IMG\left_2018_07_01_09_25_08_113.jpg,C:\Users\Amrita.DESKTOP-MJJ9189\Desktop\SDC\Faults\IMG\right_2018_07_01_09_25_08_113.jpg,0,1,0,30.18822
C:\Users\Amrita.DESKTOP-MJJ9189\Desktop\SDC\Faults\IMG\center_2018_07_01_09_25_08_181.jpg,C:\Users\Amrita.DESKTOP-MJJ9189\Desktop\SDC\Faults\IMG\left_2018_07_01_09_25_08_181.jpg,C:\Users\Amrita.DESKTOP-MJJ9189\Desktop\SDC\Faults\IMG\right_2018_07_01_09_25_08_181.jpg,0,1,0,30.1895
C:\Users\Amrita.DESKTOP-MJJ9189\Desktop\SDC\Faults\IMG\center_2018_07_01_09_25_08_257.jpg,C:\Users\Amrita.DESKTOP-MJJ9189\Desktop\SDC\Faults\IMG\left_2018_07_01_09_25_08_257.jpg,C:\Users\Amrita.DESKTOP-MJJ9189\Desktop\SDC\Faults\IMG\right_2018_07_01_09_25_08_257.jpg,-0.009433962,1,0,30.18782
C:\Users\Amrita.DESKTOP-MJJ9189\Desktop\SDC\Faults\IMG\center_2018_07_01_09_25_08_329.jpg,C:\Users\Amrita.DESKTOP-MJJ9189\Desktop\SDC\Faults\IMG\left_2018_07_01_09_25_08_329.jpg,C:\Users\Amrita.DESKTOP-MJJ9189\Desktop\SDC\Faults\IMG\right_2018_07_01_09_25_08_329.jpg,-0.06603774,1,0,30.19115
C:\Users\Amrita.DESKTOP-MJJ9189\Desktop\SDC\Faults\IMG\center_2018_07_01_09_25_08_398.jpg,C:\Users\Amrita.DESKTOP-MJJ9189\Desktop\SDC\Faults\IMG\left_2018_07_01_09_25_08_398.jpg,C:\Users\Amrita.DESKTOP-MJJ9189\Desktop\SDC\Faults\IMG\right_2018_07_01_09_25_08_398.jpg,-0.1886793,1,0,30.18382
C:\Users\Amrita.DESKTOP-MJJ9189\Desktop\SDC\Faults\IMG\center_2018_07_01_09_25_08_465.jpg,C:\Users\Amrita.DESKTOP-MJJ9189\Desktop\SDC\Faults\IMG\left_2018_07_01_09_25_08_465.jpg,C:\Users\Amrita.DESKTOP-MJJ9189\Desktop\SDC\Faults\IMG\right_2018_07_01_09_25_08_465.jpg,-0.2924528,1,0,30.17671
C:\Users\Amrita.DESKTOP-MJJ9189\Desktop\SDC\Faults\IMG\center_2018_07_01_09_25_08_536.jpg,C:\Users\Amrita.DESKTOP-MJJ9189\Desktop\SDC\Faults\IMG\left_2018_07_01_09_25_08_536.jpg,C:\Users\Amrita.DESKTOP-MJJ9189\Desktop\SDC\Faults\IMG\right_2018_07_01_09_25_08_536.jpg,-0.3679245,1,0,30.17224
C:\Users\Amrita.DESKTOP-MJJ9189\Desktop\SDC\Faults\IMG\center_2018_07_01_09_25_08_604.jpg,C:\Users\Amrita.DESKTOP-MJJ9189\Desktop\SDC\Faults\IMG\left_2018_07_01_09_25_08_604.jpg,C:\Users\Amrita.DESKTOP-MJJ9189\Desktop\SDC\Faults\IMG\right_2018_07_01_09_25_08_604.jpg,-0.3679245,1,0,30.17848
C:\Users\Amrita.DESKTOP-MJJ9189\Desktop\SDC\Faults\IMG\center_2018_07_01_09_25_08_676.jpg,C:\Users\Amrita.DESKTOP-MJJ9189\Desktop\SDC\Faults\IMG\left_2018_07_01_09_25_08_676.jpg,C:\Users\Amrita.DESKTOP-MJJ9189\Desktop\SDC\Faults\IMG\right_2018_07_01_09_25_08_676.jpg,-0.3679245,1,0,30.183
C:\Users\Amrita.DESKTOP-MJJ9189\Desktop\SDC\Faults\IMG\center_2018_07_01_09_25_08_748.jpg,C:\Users\Amrita.DESKTOP-MJJ9189\Desktop\SDC\Faults\IMG\left_2018_07_01_09_25_08_748.jpg,C:\Users\Amrita.DESKTOP-MJJ9189\Desktop\SDC\Faults\IMG\right_2018_07_01_09_25_08_748.jpg,-0.3679245,1,0,30.18458
C:\Users\Amrita.DESKTOP-MJJ9189\Desktop\SDC\Faults\IMG\center_2018_07_01_09_25_08_821.jpg,C:\Users\Amrita.DESKTOP-MJJ9189\Desktop\SDC\Faults\IMG\left_2018_07_01_09_25_08_821.jpg,C:\Users\Amrita.DESKTOP-MJJ9189\Desktop\SDC\Faults\IMG\right_2018_07_01_09_25_08_821.jpg,-0.3679245,1,0,30.18596
C:\Users\Amrita.DESKTOP-MJJ9189\Desktop\SDC\Faults\IMG\center_2018_07_01_09_25_08_897.jpg,C:\Users\Amrita.DESKTOP-MJJ9189\Desktop\SDC\Faults\IMG\left_2018_07_01_09_25_08_897.jpg,C:\Users\Amrita.DESKTOP-MJJ9189\Desktop\SDC\Faults\IMG\right_2018_07_01_09_25_08_897.jpg,-0.3679245,1,0,30.18648
C:\Users\Amrita.DESKTOP-MJJ9189\Desktop\SDC\Faults\IMG\center_2018_07_01_09_25_08_964.jpg,C:\Users\Amrita.DESKTOP-MJJ9189\Desktop\SDC\Faults\IMG\left_2018_07_01_09_25_08_964.jpg,C:\Users\Amrita.DESKTOP-MJJ9189\Desktop\SDC\Faults\IMG\right_2018_07_01_09_25_08_964.jpg,-0.3679245,1,0,30.18699
C:\Users\Amrita.DESKTOP-MJJ9189\Desktop\SDC\Faults\IMG\center_2018_07_01_09_25_09_036.jpg,C:\Users\Amrita.DESKTOP-MJJ9189\Desktop\SDC\Faults\IMG\left_2018_07_01_09_25_09_036.jpg,C:\Users\Amrita.DESKTOP-MJJ9189\Desktop\SDC\Faults\IMG\right_2018_07_01_09_25_09_036.jpg,0,1,0,30.17756
C:\Users\Amrita.DESKTOP-MJJ9189\Desktop\SDC\Faults\IMG\center_2018_07_01_09_25_09_113.jpg,C:\Users\Amrita.DESKTOP-MJJ9189\Desktop\SDC\Faults\IMG\left_2018_07_01_09_25_09_113.jpg,C:\Users\Amrita.DESKTOP-MJJ9189\Desktop\SDC\Faults\IMG\right_2018_07_01_09_25_09_113.jpg,0,1,0,30.1886
C:\Users\Amrita.DESKTOP-MJJ9189\Desktop\SDC\Faults\IMG\center_2018_07_01_09_25_09_181.jpg,C:\Users\Amrita.DESKTOP-MJJ9189\Desktop\SDC\Faults\IMG\left_2018_07_01_09_25_09_181.jpg,C:\Users\Amrita.DESKTOP-MJJ9189\Desktop\SDC\Faults\IMG\right_2018_07_01_09_25_09_181.jpg,0,1,0,30.19
C:\Users\Amrita.DESKTOP-MJJ9189\Desktop\SDC\Faults\IMG\center_2018_07_01_09_25_09_250.jpg,C:\Users\Amrita.DESKTOP-MJJ9189\Desktop\SDC\Faults\IMG\left_2018_07_01_09_25_09_250.jpg,C:\Users\Amrita.DESKTOP-MJJ9189\Desktop\SDC\Faults\IMG\right_2018_07_01_09_25_09_250.jpg,0,1,0,30.19028
C:\Users\Amrita.DESKTOP-MJJ9189\Desktop\SDC\Faults\IMG\center_2018_07_01_09_25_09_326.jpg,C:\Users\Amrita.DESKTOP-MJJ9189\Desktop\SDC\Faults\IMG\left_2018_07_01_09_25_09_326.jpg,C:\Users\Amrita.DESKTOP-MJJ9189\Desktop\SDC\Faults\IMG\right_2018_07_01_09_25_09_326.jpg,0,1,0,30.19008
C:\Users\Amrita.DESKTOP-MJJ9189\Desktop\SDC\Faults\IMG\center_2018_07_01_09_25_09_395.jpg,C:\Users\Amrita.DESKTOP-MJJ9189\Desktop\SDC\Faults\IMG\left_2018_07_01_09_25_09_395.jpg,C:\Users\Amrita.DESKTOP-MJJ9189\Desktop\SDC\Faults\IMG\right_2018_07_01_09_25_09_395.jpg,-0.02830189,1,0,30.1902
C:\Users\Amrita.DESKTOP-MJJ9189\Desktop\SDC\Faults\IMG\center_2018_07_01_09_25_09_466.jpg,C:\Users\Amrita.DESKTOP-MJJ9189\Desktop\SDC\Faults\IMG\left_2018_07_01_09_25_09_466.jpg,C:\Users\Amrita.DESKTOP-MJJ9189\Desktop\SDC\Faults\IMG\right_2018_07_01_09_25_09_466.jpg,-0.1226415,1,0,30.18672
C:\Users\Amrita.DESKTOP-MJJ9189\Desktop\SDC\Faults\IMG\center_2018_07_01_09_25_09_543.jpg,C:\Users\Amrita.DESKTOP-MJJ9189\Desktop\SDC\Faults\IMG\left_2018_07_01_09_25_09_543.jpg,C:\Users\Amrita.DESKTOP-MJJ9189\Desktop\SDC\Faults\IMG\right_2018_07_01_09_25_09_543.jpg,-0.1509434,1,0,30.1864
C:\Users\Amrita.DESKTOP-MJJ9189\Desktop\SDC\Faults\IMG\center_2018_07_01_09_25_09_619.jpg,C:\Users\Amrita.DESKTOP-MJJ9189\Desktop\SDC\Faults\IMG\left_2018_07_01_09_25_09_619.jpg,C:\Users\Amrita.DESKTOP-MJJ9189\Desktop\SDC\Faults\IMG\right_2018_07_01_09_25_09_619.jpg,-0.1509434,1,0,30.18833
C:\Users\Amrita.DESKTOP-MJJ9189\Desktop\SDC\Faults\IMG\center_2018_07_01_09_25_09_694.jpg,C:\Users\Amrita.DESKTOP-MJJ9189\Desktop\SDC\Faults\IMG\left_2018_07_01_09_25_09_694.jpg,C:\Users\Amrita.DESKTOP-MJJ9189\Desktop\SDC\Faults\IMG\right_2018_07_01_09_25_09_694.jpg,-0.1509434,1,0,30.18901
C:\Users\Amrita.DESKTOP-MJJ9189\Desktop\SDC\Faults\IMG\center_2018_07_01_09_25_09_768.jpg,C:\Users\Amrita.DESKTOP-MJJ9189\Desktop\SDC\Faults\IMG\left_2018_07_01_09_25_09_768.jpg,C:\Users\Amrita.DESKTOP-MJJ9189\Desktop\SDC\Faults\IMG\right_2018_07_01_09_25_09_768.jpg,-0.1509434,1,0,30.18929
C:\Users\Amrita.DESKTOP-MJJ9189\Desktop\SDC\Faults\IMG\center_2018_07_01_09_25_09_845.jpg,C:\Users\Amrita.DESKTOP-MJJ9189\Desktop\SDC\Faults\IMG\left_2018_07_01_09_25_09_845.jpg,C:\Users\Amrita.DESKTOP-MJJ9189\Desktop\SDC\Faults\IMG\right_2018_07_01_09_25_09_845.jpg,-0.1509434,1,0,30.18958
C:\Users\Amrita.DESKTOP-MJJ9189\Desktop\SDC\Faults\IMG\center_2018_07_01_09_25_09_913.jpg,C:\Users\Amrita.DESKTOP-MJJ9189\Desktop\SDC\Faults\IMG\left_2018_07_01_09_25_09_913.jpg,C:\Users\Amrita.DESKTOP-MJJ9189\Desktop\SDC\Faults\IMG\right_2018_07_01_09_25_09_913.jpg,-0.1509434,1,0,30.18964
C:\Users\Amrita.DESKTOP-MJJ9189\Desktop\SDC\Faults\IMG\center_2018_07_01_09_25_09_981.jpg,C:\Users\Amrita.DESKTOP-MJJ9189\Desktop\SDC\Faults\IMG\left_2018_07_01_09_25_09_981.jpg,C:\Users\Amrita.DESKTOP-MJJ9189\Desktop\SDC\Faults\IMG\right_2018_07_01_09_25_09_981.jpg,-0.1509434,1,0,30.18971
C:\Users\Amrita.DESKTOP-MJJ9189\Desktop\SDC\Faults\IMG\center_2018_07_01_09_25_10_053.jpg,C:\Users\Amrita.DESKTOP-MJJ9189\Desktop\SDC\Faults\IMG\left_2018_07_01_09_25_10_053.jpg,C:\Users\Amrita.DESKTOP-MJJ9189\Desktop\SDC\Faults\IMG\right_2018_07_01_09_25_10_053.jpg,0,1,0,30.18846
C:\Users\Amrita.DESKTOP-MJJ9189\Desktop\SDC\Faults\IMG\center_2018_07_01_09_25_10_126.jpg,C:\Users\Amrita.DESKTOP-MJJ9189\Desktop\SDC\Faults\IMG\left_2018_07_01_09_25_10_126.jpg,C:\Users\Amrita.DESKTOP-MJJ9189\Desktop\SDC\Faults\IMG\right_2018_07_01_09_25_10_126.jpg,0,1,0,30.18998
C:\Users\Amrita.DESKTOP-MJJ9189\Desktop\SDC\Faults\IMG\center_2018_07_01_09_25_10_199.jpg,C:\Users\Amrita.DESKTOP-MJJ9189\Desktop\SDC\Faults\IMG\left_2018_07_01_09_25_10_199.jpg,C:\Users\Amrita.DESKTOP-MJJ9189\Desktop\SDC\Faults\IMG\right_2018_07_01_09_25_10_199.jpg,0,0.823043,0,30.15934
C:\Users\Amrita.DESKTOP-MJJ9189\Desktop\SDC\Faults\IMG\center_2018_07_01_09_25_10_272.jpg,C:\Users\Amrita.DESKTOP-MJJ9189\Desktop\SDC\Faults\IMG\left_2018_07_01_09_25_10_272.jpg,C:\Users\Amrita.DESKTOP-MJJ9189\Desktop\SDC\Faults\IMG\right_2018_07_01_09_25_10_272.jpg,0,0.6372186,0,30.11676
C:\Users\Amrita.DESKTOP-MJJ9189\Desktop\SDC\Faults\IMG\center_2018_07_01_09_25_10_347.jpg,C:\Users\Amrita.DESKTOP-MJJ9189\Desktop\SDC\Faults\IMG\left_2018_07_01_09_25_10_347.jpg,C:\Users\Amrita.DESKTOP-MJJ9189\Desktop\SDC\Faults\IMG\right_2018_07_01_09_25_10_347.jpg,0,0.4178984,0,30.04562
C:\Users\Amrita.DESKTOP-MJJ9189\Desktop\SDC\Faults\IMG\center_2018_07_01_09_25_10_419.jpg,C:\Users\Amrita.DESKTOP-MJJ9189\Desktop\SDC\Faults\IMG\left_2018_07_01_09_25_10_419.jpg,C:\Users\Amrita.DESKTOP-MJJ9189\Desktop\SDC\Faults\IMG\right_2018_07_01_09_25_10_419.jpg,0,0.166428,0,29.98196
C:\Users\Amrita.DESKTOP-MJJ9189\Desktop\SDC\Faults\IMG\center_2018_07_01_09_25_10_495.jpg,C:\Users\Amrita.DESKTOP-MJJ9189\Desktop\SDC\Faults\IMG\left_2018_07_01_09_25_10_495.jpg,C:\Users\Amrita.DESKTOP-MJJ9189\Desktop\SDC\Faults\IMG\right_2018_07_01_09_25_10_495.jpg,0,0,0,29.80401
C:\Users\Amrita.DESKTOP-MJJ9189\Desktop\SDC\Faults\IMG\center_2018_07_01_09_25_10_574.jpg,C:\Users\Amrita.DESKTOP-MJJ9189\Desktop\SDC\Faults\IMG\left_2018_07_01_09_25_10_574.jpg,C:\Users\Amrita.DESKTOP-MJJ9189\Desktop\SDC\Faults\IMG\right_2018_07_01_09_25_10_574.jpg,-0.05660377,0,0,29.5632
C:\Users\Amrita.DESKTOP-MJJ9189\Desktop\SDC\Faults\IMG\center_2018_07_01_09_25_10_653.jpg,C:\Users\Amrita.DESKTOP-MJJ9189\Desktop\SDC\Faults\IMG\left_2018_07_01_09_25_10_653.jpg,C:\Users\Amrita.DESKTOP-MJJ9189\Desktop\SDC\Faults\IMG\right_2018_07_01_09_25_10_653.jpg,-0.08490566,0,0,29.32132
C:\Users\Amrita.DESKTOP-MJJ9189\Desktop\SDC\Faults\IMG\center_2018_07_01_09_25_10_730.jpg,C:\Users\Amrita.DESKTOP-MJJ9189\Desktop\SDC\Faults\IMG\left_2018_07_01_09_25_10_730.jpg,C:\Users\Amrita.DESKTOP-MJJ9189\Desktop\SDC\Faults\IMG\right_2018_07_01_09_25_10_730.jpg,-0.1037736,0,0,29.13977
C:\Users\Amrita.DESKTOP-MJJ9189\Desktop\SDC\Faults\IMG\center_2018_07_01_09_25_10_808.jpg,C:\Users\Amrita.DESKTOP-MJJ9189\Desktop\SDC\Faults\IMG\left_2018_07_01_09_25_10_808.jpg,C:\Users\Amrita.DESKTOP-MJJ9189\Desktop\SDC\Faults\IMG\right_2018_07_01_09_25_10_808.jpg,-0.1320755,0,0,28.89862
C:\Users\Amrita.DESKTOP-MJJ9189\Desktop\SDC\Faults\IMG\center_2018_07_01_09_25_10_876.jpg,C:\Users\Amrita.DESKTOP-MJJ9189\Desktop\SDC\Faults\IMG\left_2018_07_01_09_25_10_876.jpg,C:\Users\Amrita.DESKTOP-MJJ9189\Desktop\SDC\Faults\IMG\right_2018_07_01_09_25_10_876.jpg,-0.2169811,0,0,28.64389
C:\Users\Amrita.DESKTOP-MJJ9189\Desktop\SDC\Faults\IMG\center_2018_07_01_09_25_10_951.jpg,C:\Users\Amrita.DESKTOP-MJJ9189\Desktop\SDC\Faults\IMG\left_2018_07_01_09_25_10_951.jpg,C:\Users\Amrita.DESKTOP-MJJ9189\Desktop\SDC\Faults\IMG\right_2018_07_01_09_25_10_951.jpg,-0.2358491,0,0,28.45595
C:\Users\Amrita.DESKTOP-MJJ9189\Desktop\SDC\Faults\IMG\center_2018_07_01_09_25_11_026.jpg,C:\Users\Amrita.DESKTOP-MJJ9189\Desktop\SDC\Faults\IMG\left_2018_07_01_09_25_11_026.jpg,C:\Users\Amrita.DESKTOP-MJJ9189\Desktop\SDC\Faults\IMG\right_2018_07_01_09_25_11_026.jpg,0,0,0,28.21961
C:\Users\Amrita.DESKTOP-MJJ9189\Desktop\SDC\Faults\IMG\center_2018_07_01_09_25_11_102.jpg,C:\Users\Amrita.DESKTOP-MJJ9189\Desktop\SDC\Faults\IMG\left_2018_07_01_09_25_11_102.jpg,C:\Users\Amrita.DESKTOP-MJJ9189\Desktop\SDC\Faults\IMG\right_2018_07_01_09_25_11_102.jpg,0,0,0,27.99067
C:\Users\Amrita.DESKTOP-MJJ9189\Desktop\SDC\Faults\IMG\center_2018_07_01_09_25_11_174.jpg,C:\Users\Amrita.DESKTOP-MJJ9189\Desktop\SDC\Faults\IMG\left_2018_07_01_09_25_11_174.jpg,C:\Users\Amrita.DESKTOP-MJJ9189\Desktop\SDC\Faults\IMG\right_2018_07_01_09_25_11_174.jpg,0,0,0,27.7649
C:\Users\Amrita.DESKTOP-MJJ9189\Desktop\SDC\Faults\IMG\center_2018_07_01_09_25_11_245.jpg,C:\Users\Amrita.DESKTOP-MJJ9189\Desktop\SDC\Faults\IMG\left_2018_07_01_09_25_11_245.jpg,C:\Users\Amrita.DESKTOP-MJJ9189\Desktop\SDC\Faults\IMG\right_2018_07_01_09_25_11_245.jpg,0,0,0,27.59696
C:\Users\Amrita.DESKTOP-MJJ9189\Desktop\SDC\Faults\IMG\center_2018_07_01_09_25_11_318.jpg,C:\Users\Amrita.DESKTOP-MJJ9189\Desktop\SDC\Faults\IMG\left_2018_07_01_09_25_11_318.jpg,C:\Users\Amrita.DESKTOP-MJJ9189\Desktop\SDC\Faults\IMG\right_2018_07_01_09_25_11_318.jpg,0,0,0,27.37474
C:\Users\Amrita.DESKTOP-MJJ9189\Desktop\SDC\Faults\IMG\center_2018_07_01_09_25_11_388.jpg,C:\Users\Amrita.DESKTOP-MJJ9189\Desktop\SDC\Faults\IMG\left_2018_07_01_09_25_11_388.jpg,C:\Users\Amrita.DESKTOP-MJJ9189\Desktop\SDC\Faults\IMG\right_2018_07_01_09_25_11_388.jpg,0,0,0,27.20929
C:\Users\Amrita.DESKTOP-MJJ9189\Desktop\SDC\Faults\IMG\center_2018_07_01_09_25_11_460.jpg,C:\Users\Amrita.DESKTOP-MJJ9189\Desktop\SDC\Faults\IMG\left_2018_07_01_09_25_11_460.jpg,C:\Users\Amrita.DESKTOP-MJJ9189\Desktop\SDC\Faults\IMG\right_2018_07_01_09_25_11_460.jpg,0,0,0,26.99027
C:\Users\Amrita.DESKTOP-MJJ9189\Desktop\SDC\Faults\IMG\center_2018_07_01_09_25_11_527.jpg,C:\Users\Amrita.DESKTOP-MJJ9189\Desktop\SDC\Faults\IMG\left_2018_07_01_09_25_11_527.jpg,C:\Users\Amrita.DESKTOP-MJJ9189\Desktop\SDC\Faults\IMG\right_2018_07_01_09_25_11_527.jpg,0,0,0,26.82718
C:\Users\Amrita.DESKTOP-MJJ9189\Desktop\SDC\Faults\IMG\center_2018_07_01_09_25_11_599.jpg,C:\Users\Amrita.DESKTOP-MJJ9189\Desktop\SDC\Faults\IMG\left_2018_07_01_09_25_11_599.jpg,C:\Users\Amrita.DESKTOP-MJJ9189\Desktop\SDC\Faults\IMG\right_2018_07_01_09_25_11_599.jpg,0,0,0,26.61122
C:\Users\Amrita.DESKTOP-MJJ9189\Desktop\SDC\Faults\IMG\center_2018_07_01_09_25_11_677.jpg,C:\Users\Amrita.DESKTOP-MJJ9189\Desktop\SDC\Faults\IMG\left_2018_07_01_09_25_11_677.jpg,C:\Users\Amrita.DESKTOP-MJJ9189\Desktop\SDC\Faults\IMG\right_2018_07_01_09_25_11_677.jpg,0,0,0,26.39696
C:\Users\Amrita.DESKTOP-MJJ9189\Desktop\SDC\Faults\IMG\center_2018_07_01_09_25_11_753.jpg,C:\Users\Amrita.DESKTOP-MJJ9189\Desktop\SDC\Faults\IMG\left_2018_07_01_09_25_11_753.jpg,C:\Users\Amrita.DESKTOP-MJJ9189\Desktop\SDC\Faults\IMG\right_2018_07_01_09_25_11_753.jpg,0,0,0,26.18444
C:\Users\Amrita.DESKTOP-MJJ9189\Desktop\SDC\Faults\IMG\center_2018_07_01_09_25_11_828.jpg,C:\Users\Amrita.DESKTOP-MJJ9189\Desktop\SDC\Faults\IMG\left_2018_07_01_09_25_11_828.jpg,C:\Users\Amrita.DESKTOP-MJJ9189\Desktop\SDC\Faults\IMG\right_2018_07_01_09_25_11_828.jpg,0,0,0,26.02616
C:\Users\Amrita.DESKTOP-MJJ9189\Desktop\SDC\Faults\IMG\center_2018_07_01_09_25_11_896.jpg,C:\Users\Amrita.DESKTOP-MJJ9189\Desktop\SDC\Faults\IMG\left_2018_07_01_09_25_11_896.jpg,C:\Users\Amrita.DESKTOP-MJJ9189\Desktop\SDC\Faults\IMG\right_2018_07_01_09_25_11_896.jpg,0,0,0,25.81656
C:\Users\Amrita.DESKTOP-MJJ9189\Desktop\SDC\Faults\IMG\center_2018_07_01_09_25_11_974.jpg,C:\Users\Amrita.DESKTOP-MJJ9189\Desktop\SDC\Faults\IMG\left_2018_07_01_09_25_11_974.jpg,C:\Users\Amrita.DESKTOP-MJJ9189\Desktop\SDC\Faults\IMG\right_2018_07_01_09_25_11_974.jpg,0,0,0,25.60865
C:\Users\Amrita.DESKTOP-MJJ9189\Desktop\SDC\Faults\IMG\center_2018_07_01_09_25_12_055.jpg,C:\Users\Amrita.DESKTOP-MJJ9189\Desktop\SDC\Faults\IMG\left_2018_07_01_09_25_12_055.jpg,C:\Users\Amrita.DESKTOP-MJJ9189\Desktop\SDC\Faults\IMG\right_2018_07_01_09_25_12_055.jpg,0,0,0,25.45382
